p_id,source,p_base_price,p_name,category,p_gender,p_img,p_link
46988,Noir,95.05$,Classic abaya with striped fabric,Abayas,Women,https://abayanoir.com/wp-content/uploads/2025/10/0E1A0350-new-scaled.jpg,https://abayanoir.com/product/classic-abaya-with-striped-fabric-at-the-top-part-and-golden-zippers-and-buttons-detailing-sold-with-its-matching-scarf/
44849,Noir,65.41$,Classic button up Abaya with satin details,Abayas,Women,https://abayanoir.com/wp-content/uploads/2025/05/1G5A3171-scaled.jpg,https://abayanoir.com/product/classic-button-up-abaya-with-satin-details/
46593,Noir,77.90$,Elegant abaya with embroidered sleeves,Abayas,Women,https://abayanoir.com/wp-content/uploads/2025/10/1G5A2822-scaled.jpg,https://abayanoir.com/product/elegant-abaya-with-embroidered-sleeves/
44405,Noir,67.53$,Flowey Oversized Reglan zip up Abaya,Abayas,Women,https://abayanoir.com/wp-content/uploads/2025/05/1G5A2762-scaled.jpg,https://abayanoir.com/product/flowey-oversized-reglan-zip-up-abaya/
46123,Noir,61.18$,Flowy Open Abaya With Dainty  contrast Detailing,Abayas,Women,https://abayanoir.com/wp-content/uploads/2025/09/B15A3513-scaled.jpg,https://abayanoir.com/product/flowy-open-abaya-with-dainty-contrast-detailing/
46072,Noir,73.88$,Flowy Open Abaya With Dainty  gold Detailing and basic dress,Abayas,Women,https://abayanoir.com/wp-content/uploads/2025/09/B15A4058-scaled.jpg,https://abayanoir.com/product/flowy-open-abaya-with-dainty-gold-detailing-and-basic-dress/
44347,Noir,54.19$,front buttons shirt abaya,Abayas,Women,https://abayanoir.com/wp-content/uploads/2025/05/1G5A2580-scaled.jpg,https://abayanoir.com/product/front-buttons-shirt-abaya-2/
44392,Noir,101.61$,Luxurey open Abaya with velvety texture,Abayas,Women,https://abayanoir.com/wp-content/uploads/2025/05/1G5A2701-scaled.jpg,https://abayanoir.com/product/luxurey-open-abaya-with-velvety-texture/
44747,Noir,83.83$,pocho Abaya with embellished layers,Abayas,Women,https://abayanoir.com/wp-content/uploads/2025/05/1G5A2791-scaled.jpg,https://abayanoir.com/product/pocho-abaya-with-embellished-layers/
46045,Noir,82.35$,Premium Textured Open Abaya with Pleated Cuffs,Abayas,Women,https://abayanoir.com/wp-content/uploads/2025/09/B15A3692-scaled.jpg,https://abayanoir.com/product/premium-textured-open-abaya-with-pleated-cuffs/
44325,Noir,69.01$,Reglan Open Abaya with detailes front and long zip up,Abayas,Women,https://abayanoir.com/wp-content/uploads/2025/05/1G5A2521-scaled.jpg,https://abayanoir.com/product/reglan-open-abaya-with-detailes-front-and-long-zip-up/
44337,Noir,70.70$,Set of 2 Open Abaya with emblishments & basic long sleeve abaya,Abayas,Women,https://abayanoir.com/wp-content/uploads/2025/05/1G5A2613-scaled.jpg,https://abayanoir.com/product/set-of-2-open-abaya-with-emblishments-basic-long-sleeve-abaya/
44782,Noir,60.54$,Sporty Comfy mixed fabric abaya,Abayas,Women,https://abayanoir.com/wp-content/uploads/2025/05/1G5A3378-scaled.jpg,https://abayanoir.com/product/sporty-comfy-mixed-fabric-abaya/
46078,Noir,82.98$,Tiered pleated closed Abaya,Abayas,Women,https://abayanoir.com/wp-content/uploads/2025/09/B15A3526-scaled.jpg,https://abayanoir.com/product/tiered-pleated-closed-abaya/
43796,Noir,52.07$,Shimmer Textured Open Abaya,Abayas,Women,https://abayanoir.com/wp-content/uploads/2025/03/4U3A0433.jpg,https://abayanoir.com/product/shimmer-textured-open-abaya/
43066,Noir,59.06$,Denim flowy Open Abaya,Abayas,Women,https://abayanoir.com/wp-content/uploads/2025/02/4U3A0473.jpg,https://abayanoir.com/product/denim-flowy-open-abaya/
43095,Noir,54.19$,front buttons shirt abaya,Abayas,Women,https://abayanoir.com/wp-content/uploads/2025/02/4U3A0361.jpg,https://abayanoir.com/product/front-buttons-shirt-abaya/
43308,Noir,63.29$,Closed button up abaya with dainty satin detailing,Abayas,Women,https://abayanoir.com/wp-content/uploads/2025/03/4U3A0738.jpg,https://abayanoir.com/product/closed-button-up-abaya-with-dainty-satin-detailing/
43413,Noir,60.54$,"Color block black , grey and beige open abaya",Abayas,Women,https://abayanoir.com/wp-content/uploads/2025/03/4U3A0624.jpg,https://abayanoir.com/product/color-block-black-grey-and-beige-open-abaya/
43093,Noir,75.36$,Gathered flowy Abaya,Abayas,Women,https://abayanoir.com/wp-content/uploads/2025/02/4U3A0438-1.jpg,https://abayanoir.com/product/gathered-flowy-abaya/
43112,Noir,69.01$,Flowy Open Abaya with contasrting details,Abayas,Women,https://abayanoir.com/wp-content/uploads/2025/02/4U3A0602.jpg,https://abayanoir.com/product/flowy-open-abaya-with-contasrting-details/
43486,Noir,62.24$,Contrast khaliji Abaya with scarf,Abayas,Women,https://abayanoir.com/wp-content/uploads/2025/03/4U3A0673.jpg,https://abayanoir.com/product/contrast-khaliji-abaya-with-scarf/
42888,Noir,48.48$,balloon  Sleeve Casual tiered Abaya,Abayas,Women,https://abayanoir.com/wp-content/uploads/2025/03/4U3A0010.jpg,https://abayanoir.com/product/balloon-sleeve-casual-tiered-abaya/
43300,Noir,62.66$,Black squared Abaya with Cuff Detailing,Abayas,Women,https://abayanoir.com/wp-content/uploads/2025/03/4U3A0135.jpg,https://abayanoir.com/product/black-squared-abaya-with-cuff-detailing/
42789,Noir,80.23$,Classic Contrast Collar Open Abaya,Abayas,Women,https://abayanoir.com/wp-content/uploads/2025/02/4U3A0294.jpg,https://abayanoir.com/product/classic-contrast-collar-open-abaya/?v=3d9975706be3
42784,Noir,71.76$,Crepe * Satin Open Abaya with lace,Abayas,Women,https://abayanoir.com/wp-content/uploads/2025/02/4U3A0248.jpg,https://abayanoir.com/product/crepe-satin-open-abaya-with-lace/?v=3d9975706be3
42834,Noir,59.06$,Everyday casual abaya with side pleated cut with ties,Abayas,Women,https://abayanoir.com/wp-content/uploads/2025/02/4U3A0026.jpg,https://abayanoir.com/product/everyday-casual-abaya-with-side-pleated-cut/?v=3d9975706be3
42785,Noir,61.81$,Elastic zip up abaya dress,Abayas,Women,https://abayanoir.com/wp-content/uploads/2025/02/4U3A0164.jpg,https://abayanoir.com/product/elastic-zip-up-abaya-dress/?v=3d9975706be3
42805,Noir,61.18$,gathered waist oversized abaya,Abayas,Women,https://abayanoir.com/wp-content/uploads/2025/02/4U3A0239-1.jpg,https://abayanoir.com/product/gathered-waist-oversized-abaya/?v=3d9975706be3
42846,Noir,62.66$,Gold Embellished Crepe open abaya,Abayas,Women,https://abayanoir.com/wp-content/uploads/2025/02/4U3A0075.jpg,https://abayanoir.com/product/gold-embellished-crepe-open-abaya/?v=3d9975706be3
42793,Noir,62.24$,Gold Embellished puffed sleeves abaya,Abayas,Women,https://abayanoir.com/wp-content/uploads/2025/02/4U3A0019.jpg,https://abayanoir.com/product/gold-embellished-puffed-sleeves-abaya/?v=3d9975706be3
42873,Noir,64.99$,layered chiffon Open Abaya with ruffled sleeves,Abayas,Women,https://abayanoir.com/wp-content/uploads/2025/02/4U3A0150.jpg,https://abayanoir.com/product/layered-chiffon-open-abaya-with-ruffled-sleeves/?v=3d9975706be3
43494,Noir,74.51$,Luxury Lace Embellished  Abaya,Abayas,Women,https://abayanoir.com/wp-content/uploads/2025/03/4U3A0091.jpg,https://abayanoir.com/product/luxury-lace-embellished-abaya/?v=3d9975706be3
43076,Noir,72.40$,wrinkled  open abaya,Abayas,Women,https://abayanoir.com/wp-content/uploads/2025/02/4U3A0210.jpg,https://abayanoir.com/product/wrinkled-open-abaya/?v=3d9975706be3
42832,Noir,65.20$,Satin*Crepe Classic Abaya,Abayas,Women,https://abayanoir.com/wp-content/uploads/2025/02/4U3A0183.jpg,https://abayanoir.com/product/satincrepe-classic-abaya/?v=3d9975706be3
41530,Noir,87.21$,"Double Sided crepe Abaya , light beige X lavender",Abayas,Women,https://abayanoir.com/wp-content/uploads/2024/10/Noir-6-scaled.jpg,https://abayanoir.com/product/double-sided-crepe-abaya-light-beige-x-lavender/?v=3d9975706be3
41721,Noir,87.21$,"Double Sided crepe Abaya , black X olive green",Abayas,Women,https://abayanoir.com/wp-content/uploads/2024/10/Noir-79-scaled.jpg,https://abayanoir.com/product/double-sided-crepe-abaya-black-x-olive-green/?v=3d9975706be3
41698,Noir,87.21$,"Double Sided crepe Abaya , black X dark mint green",Abayas,Women,https://abayanoir.com/wp-content/uploads/2024/10/Noir-40-scaled.jpg,https://abayanoir.com/product/double-sided-crepe-abaya-black-x-dark-mint-green/?v=3d9975706be3
41808,Noir,67.53$,Light silky Tulip abaya with a waist tie.,Abayas,Women,https://abayanoir.com/wp-content/uploads/2024/10/Noir-111-scaled.jpg,https://abayanoir.com/product/light-silky-tulip-abaya-with-a-waist-tie/?v=3d9975706be3
41947,Noir,58.43$,Crepe * Satin abaya with studs detailing on the sleeves and the bottom,Abayas,Women,https://abayanoir.com/wp-content/uploads/2024/10/Noir-133-1-scaled.jpg,https://abayanoir.com/product/crepe-satin-abaya-with-studs-detailing-on-the-sleeves-and-the-bottom/?v=3d9975706be3
41883,Noir,46.36$,Sport Abaya with touch of Indigo or mint Green Cotton,Abayas,Women,https://abayanoir.com/wp-content/uploads/2024/10/Noir-590-scaled.jpg,https://abayanoir.com/product/sport-abaya-with-touch-of-indigo-or-mint-green-cotton/?v=3d9975706be3
41860,Noir,69.01$,Silk abaya with textured diamond pattern,Abayas,Women,https://abayanoir.com/wp-content/uploads/2024/10/Noir-634-2-scaled.jpg,https://abayanoir.com/product/silk-abaya-with-textured-diamond-pattern/?v=3d9975706be3
41816,Noir,75.99$,Sun rays crepe abaya with satin sleeves.,Abayas,Women,https://abayanoir.com/wp-content/uploads/2024/10/Noir-150-scaled.jpg,https://abayanoir.com/product/sun-rays-crepe-abaya-with-satin-sleeves/?v=3d9975706be3
40332,Noir,63.29$,Crepe abaya with satin lining detail on the front,Abayas,Women,https://abayanoir.com/wp-content/uploads/2024/06/Abaya-Noir-665.webp,https://abayanoir.com/product/crepe-abaya-with-satin-lining-detail-on-the-front/?v=3d9975706be3
40113,Noir,54.19$,Practical crep abaya with snaps and pockets,Abayas,Women,https://abayanoir.com/wp-content/uploads/2024/06/Magic-Pocket-Abaya-1691-1.webp,https://abayanoir.com/product/practical-silk-abaya-with-snaps-and-pockets/?v=3d9975706be3
40343,Noir,59.06$,silky abaya with satin ribbon on the neck.,Abayas,Women,https://abayanoir.com/wp-content/uploads/2024/06/Abaya-Noir-677.webp,https://abayanoir.com/product/silky-abaya-with-satin-ribbon-on-the-neck/?v=3d9975706be3
38919,Noir,52.71$,Crepe abaya with casual zipper and 2 pockets. code 1094,Abayas,Women,https://abayanoir.com/wp-content/uploads/2024/03/Abaya-Noir-633.webp,https://abayanoir.com/product/crepe-abaya-with-casual-zipper-and-2-pockets/?v=3d9975706be3
39966,Noir,47.84$,Crepe abaya with longitudinal pleats,Abayas,Women,https://abayanoir.com/wp-content/uploads/2024/05/Pleated-Crepe-Abaya-4-1.webp,https://abayanoir.com/product/crepe-abaya-with-longitudinal-pleats/?v=3d9975706be3
38789,Noir,52.71$,Cloche silk abaya with satin belts on sleeves and chest.,Abayas,Women,https://abayanoir.com/wp-content/uploads/2024/03/Wide-Silk-abaya-3.webp,https://abayanoir.com/product/cloche-silk-abaya-with-satin-belts-on-sleeves-and-chest/?v=3d9975706be3
38638,Noir,43.61$,Satin * crepe V abaya,Abayas,Women,https://abayanoir.com/wp-content/uploads/2024/03/Satin-Crepe-Abaya-1.webp,https://abayanoir.com/product/satin-crepe-v-abaya/?v=3d9975706be3
38630,Noir,56.94$,Crepe abaya with puffy sleeves and tassel neck rope,Abayas,Women,https://abayanoir.com/wp-content/uploads/2024/03/Empire-France-Crepe-Abaya-4.webp,https://abayanoir.com/product/crepe-abaya-with-puffy-sleeves-and-tassel-neck-rope/?v=3d9975706be3
38621,Noir,73.88$,Layers abaya with lace detailing and satin belt,Abayas,Women,https://abayanoir.com/wp-content/uploads/2024/03/Spanish-Lace-Crepe-Abaya-3.webp,https://abayanoir.com/product/layers-abaya-with-lace-detailing-and-satin-belt/?v=3d9975706be3
38776,Noir,66.89$,Tulip cloche abaya with satin collar and sleeves,Abayas,Women,https://abayanoir.com/wp-content/uploads/2024/03/Silk-Tulip-Cloche-Abaya-with-Satin-Accesrories-2.webp,https://abayanoir.com/product/tulip-cloche-abaya-with-satin-collar-and-sleeves/?v=3d9975706be3
38646,Noir,81.71$,Tulip wide squared sleeves abaya,Abayas,Women,https://abayanoir.com/wp-content/uploads/2024/03/Silk-Tulip-Wide-Abaya-1.webp,https://abayanoir.com/product/tulip-wide-squared-sleeves-abaya/?v=3d9975706be3
37115,Noir,61.18$,Silk abaya with puffy sleeves,Abayas,Women,https://abayanoir.com/wp-content/uploads/2024/01/Silk-abaya-with-puffy-sleeves-1.webp,https://abayanoir.com/product/silk-abaya-with-puffy-sleeves/?v=3d9975706be3
37099,Noir,52.71$,New Basic silk Abaya,Abayas,Women,https://abayanoir.com/wp-content/uploads/2024/01/New-Basic-silk-Abaya-2.webp,https://abayanoir.com/product/new-basic-silk-abaya/?v=3d9975706be3
37107,Noir,52.71$,New Basic crepe Abaya,Abayas,Women,https://abayanoir.com/wp-content/uploads/2024/01/New-Basic-crepe-Abaya-3.webp,https://abayanoir.com/product/new-basic-crepe-abaya/?v=3d9975706be3
37093,Noir,35.14$,Silk teal green open abaya,Abayas,Women,https://abayanoir.com/wp-content/uploads/2024/01/Silk-teal-green-open-abaya-3.webp,https://abayanoir.com/product/silk-teal-green-open-abaya/?v=3d9975706be3
34964,Noir,46.36$,Abaya crepe Abaya Noir With magic zipper and satin,Abayas,Women,https://abayanoir.com/wp-content/uploads/2023/11/Abaya-crepe-Abaya-Noir-With-magic-zipper-and-satin_2-scaled.webp,https://abayanoir.com/product/abaya-crepe-abaya-noir-with-magic-zipper-and-satin/?v=3d9975706be3
34963,Noir,48.48$,Abaya crepe Abaya Noir With side banda,Abayas,Women,https://abayanoir.com/wp-content/uploads/2023/11/Abaya-crepe-Abaya-Noir-With-side-banda_1-scaled.webp,https://abayanoir.com/product/abaya-crepe-abaya-noir-with-side-banda/?v=3d9975706be3
34936,Noir,56.94$,Abaya Magic Zipper 9,Abayas,Women,https://abayanoir.com/wp-content/uploads/2023/11/Abaya-Magic-Zipper-9_1-scaled.webp,https://abayanoir.com/product/abaya-magic-zipper-9/?v=3d9975706be3
34937,Noir,51.44$,Abaya with Zipper and plissee in the back,Abayas,Women,https://abayanoir.com/wp-content/uploads/2023/11/Abaya-with-Zipper-and-plissee-in-the-back_2-scaled.webp,https://abayanoir.com/product/abaya-with-zipper-and-plissee-in-the-back/?v=3d9975706be3
35024,Noir,59.06$,Crepe Abaya With black pins from side,Abayas,Women,https://abayanoir.com/wp-content/uploads/2023/11/Crepe-Abaya-With-black-pins-from-side_2-scaled.webp,https://abayanoir.com/product/crepe-abaya-with-black-pins-from-side/?v=3d9975706be3
35114,Noir,62.66$,Silk Abaya Freesize  with embriodery,Abayas,Women,https://abayanoir.com/wp-content/uploads/2023/11/Silk-Abaya-Freesize-dark-blue-with-embriodery_1-scaled.webp,https://abayanoir.com/product/silk-abaya-freesize-dark-blue-with-embriodery/?v=3d9975706be3
34966,Noir,46.36$,Silk Abaya riviere cafe,Abayas,Women,https://abayanoir.com/wp-content/uploads/2023/11/Silk-Abaya-riviere-cafe-2.webp,https://abayanoir.com/product/silk-abaya-riviere-cafe/?v=3d9975706be3
34965,Noir,46.36$,Silk Abaya riviere dark blue,Abayas,Women,https://abayanoir.com/wp-content/uploads/2023/11/Silk-Abaya-riviere-dark-blue_2-scaled.webp,https://abayanoir.com/product/silk-abaya-riviere-dark-blue/?v=3d9975706be3
34996,Noir,35.14$,Silk open Abaya cafe,Abayas,Women,https://abayanoir.com/wp-content/uploads/2023/11/Silk-open-Abaya-cafe-3.webp,https://abayanoir.com/product/silk-open-abaya-cafe/?v=3d9975706be3
34439,Noir,42.13$,Abaya Crepe with Attached Vest and pockets,Abayas,Women,https://abayanoir.com/wp-content/uploads/2023/11/Abaya-Crepe-with-Attached-Vest-and-pockets_2-scaled.webp,https://abayanoir.com/product/abaya-crepe-with-attached-vest-and-pockets/?v=3d9975706be3
34441,Noir,44.24$,Abaya Crepe with Satin side and sleeves,Abayas,Women,https://abayanoir.com/wp-content/uploads/2023/11/Abaya-Crepe-with-Satin-side-and-sleeves_3-scaled.webp,https://abayanoir.com/product/abaya-crepe-with-satin-side-and-sleeves/?v=3d9975706be3
34469,Noir,61.18$,Abaya Crepe with Satin strips,Abayas,Women,https://abayanoir.com/wp-content/uploads/2023/11/Abaya-Crepe-with-Satin-strips_1-scaled.webp,https://abayanoir.com/product/abaya-crepe-with-satin-strips/?v=3d9975706be3
34500,Noir,43.18$,Abaya Croisee Capitonee,Abayas,Women,https://abayanoir.com/wp-content/uploads/2023/11/Abaya-Croisee-Capitonee_3-scaled.webp,https://abayanoir.com/product/abaya-croisee-capitonee/?v=3d9975706be3
39658,Noir,69.01$,Abaya with satin on Sides,Abayas,Women,https://abayanoir.com/wp-content/uploads/2024/05/0E1A0401-new-scaled.jpg,https://abayanoir.com/product/abaya-with-satin-on-sides/?v=3d9975706be3
38161,Noir,48.48$,Chiffon Chemise Abaya,Abayas,Women,https://abayanoir.com/wp-content/uploads/2024/02/Chiffon-Chemise-Abaya-1.jpg,https://abayanoir.com/product/chiffon-chemise-abaya/?v=3d9975706be3
33711,Noir,59.06$,2 Layers Crepe Abaya With Satin Belt,Abayas,Women,https://abayanoir.com/wp-content/uploads/2023/11/Layers-Crepe-Abaya-With-Satin-Belt_3-scaled-1.jpg,https://abayanoir.com/product/2-layers-crepe-abaya-with-satin-belt/?v=3d9975706be3
34642,Noir,46.36$,Abaya black color with multicuts,Abayas,Women,https://abayanoir.com/wp-content/uploads/2023/11/Abaya-black-color-with-multicuts_1.webp,https://abayanoir.com/product/abaya-black-color-with-multicuts/?v=3d9975706be3
33520,Noir,63.29$,3 Layers Abaya with long Zipper,Abayas,Women,https://abayanoir.com/wp-content/uploads/2023/11/3-Layers-Abaya-with-long-Zipper_1.webp,https://abayanoir.com/product/3-layers-abaya-with-long-zipper/?v=3d9975706be3
34703,Noir,62.66$,Abaya Freesize With Colored Embroidery,Abayas,Women,https://abayanoir.com/wp-content/uploads/2023/11/Abaya-Freesize-with-Gray-Embroidery.jpeg,https://abayanoir.com/product/abaya-freesize-with-colored-embroidery/?v=3d9975706be3
34669,Noir,43.18$,Abaya with cotton sleeves and golden zipper,Abayas,Women,https://abayanoir.com/wp-content/uploads/2023/11/Abaya-with-cotton-sleeves-and-golden-zipper_3.webp,https://abayanoir.com/product/abaya-with-cotton-sleeves-and-golden-zipper/?v=3d9975706be3
33833,Noir,44.24$,Abaya With diagonal satin strips,Abayas,Women,https://abayanoir.com/wp-content/uploads/2023/11/Abaya-With-diagonal-satin-strips_1.jpg,https://abayanoir.com/product/abaya-with-diagonal-satin-strips/?v=3d9975706be3
34699,Noir,56.94$,Abaya With front bottons,Abayas,Women,https://abayanoir.com/wp-content/uploads/2023/11/Abaya-With-front-bottons_4.webp,https://abayanoir.com/product/abaya-with-front-bottons/?v=3d9975706be3
33187,Noir,56.94$,Abaya With Pockets,Abayas,Women,https://abayanoir.com/wp-content/uploads/2023/11/Abaya-Noir-664.webp,https://abayanoir.com/product/abaya-with-pockets/?v=3d9975706be3
34671,Noir,46.36$,Abaya with satin Half collar,Abayas,Women,https://abayanoir.com/wp-content/uploads/2023/11/Abaya-with-satin-Half-collar_3.webp,https://abayanoir.com/product/abaya-with-satin-half-collar/?v=3d9975706be3
34290,Noir,55.88$,Abaya With Satin in back,Abayas,Women,https://abayanoir.com/wp-content/uploads/2023/11/Abaya-With-Satin-in-back_1.webp,https://abayanoir.com/product/abaya-with-satin-in-back/?v=3d9975706be3
34619,Noir,35.14$,Black Abaya Code,Abayas,Women,https://abayanoir.com/wp-content/uploads/2023/11/Black-Abaya-Code_1.webp,https://abayanoir.com/product/black-abaya-code/?v=3d9975706be3
33521,Noir,44.24$,Casual Abaya with Reglan Cut,Abayas,Women,https://abayanoir.com/wp-content/uploads/2023/11/Casual-Abaya-with-Reglan-Cut_1.webp,https://abayanoir.com/product/casual-abaya-with-reglan-cut/?v=3d9975706be3
33653,Noir,44.24$,Chemise Abaya with Lycra Sleeves,Abayas,Women,https://abayanoir.com/wp-content/uploads/2023/11/Chemise-Abaya-with-Lycra-Sleeves_1-scaled.webp,https://abayanoir.com/product/chemise-abaya-with-lycra-sleeves/?v=3d9975706be3
32922,Noir,53.34$,Chemise Abaya with touch of Satin,Abayas,Women,https://abayanoir.com/wp-content/uploads/2023/11/Chemise-Abaya-with-touch-of-Satin_1.webp,https://abayanoir.com/product/chemise-abaya-with-touch-of-satin/?v=3d9975706be3
32746,Noir,46.36$,Chiffon Scarve Abaya,Abayas,Women,https://abayanoir.com/wp-content/uploads/2023/11/Chiffon-Scarve-Abaya_1.webp,https://abayanoir.com/product/chiffon-scarve-abaya/?v=3d9975706be3
32977,Noir,54.83$,Crepe Abaya With elastic colar and front zipper,Abayas,Women,https://abayanoir.com/wp-content/uploads/2023/11/Crepe-Abaya-With-elastic-colar-and-front-zipper_1.webp,https://abayanoir.com/product/crepe-abaya-with-elastic-colar-and-front-zipper/?v=3d9975706be3
33005,Noir,43.18$,Crepe Abaya with purple linens and pockets,Abayas,Women,https://abayanoir.com/wp-content/uploads/2023/11/Crepe-Abaya-with-purple-linens-and-pockets_1.webp,https://abayanoir.com/product/crepe-abaya-with-purple-linens-and-pockets/?v=3d9975706be3
33038,Noir,45.30$,Crepe Abaya with several layers,Abayas,Women,https://abayanoir.com/wp-content/uploads/2023/11/Crepe-Abaya-with-several-layers_1.webp,https://abayanoir.com/product/crepe-abaya-with-several-layers/?v=3d9975706be3
33709,Noir,42.13$,Crepe Abaya With touch of satin,Abayas,Women,https://abayanoir.com/wp-content/uploads/2023/11/Crepe-Abaya-With-touch-of-satin_2-scaled.webp,https://abayanoir.com/product/crepe-abaya-with-touch-of-satin/?v=3d9975706be3
33741,Noir,44.24$,crepe Croisee Abaya with sleeves details,Abayas,Women,https://abayanoir.com/wp-content/uploads/2023/11/crepe-Croisee-Abaya-with-sleeves-details_3-scaled.webp,https://abayanoir.com/product/crepe-croisee-abaya-with-sleeves-details/?v=3d9975706be3
34234,Noir,27.10$,Cut dress with diamod shape details at front,Abayas,Women,https://abayanoir.com/wp-content/uploads/2023/11/Cut-dress-with-diamod-shape-details-at-front_1.webp,https://abayanoir.com/product/cut-dress-with-diamod-shape-details-at-front/?v=3d9975706be3
34261,Noir,35.56$,Diagonal Layers Abaya,Abayas,Women,https://abayanoir.com/wp-content/uploads/2023/11/Diagonal-Layers-Abaya_1.webp,https://abayanoir.com/product/diagonal-layers-abaya/?v=3d9975706be3
36503,Noir,30.91$,Fly Vest Abaya,Abayas,Women,https://abayanoir.com/wp-content/uploads/2024/01/Fly-Vest-Abaya-1.jpg,https://abayanoir.com/product/fly-vest-abaya/?v=3d9975706be3
32723,Noir,54.83$,Foulard Zipper Abaya,Abayas,Women,https://abayanoir.com/wp-content/uploads/2023/11/Foulard-Zipper-Abaya_1.webp,https://abayanoir.com/product/foulard-zipper-abaya/?v=3d9975706be3
33066,Noir,75.36$,Fronce Abaya made with crepe,Abayas,Women,https://abayanoir.com/wp-content/uploads/2023/11/Fronce-Abaya-made-with-crepe_1.webp,https://abayanoir.com/product/fronce-abaya-made-with-crepe/?v=3d9975706be3
33712,Noir,42.13$,Front Bottons crepe Abaya with cotton sleeves and shoulder detail,Abayas,Women,https://abayanoir.com/wp-content/uploads/2023/11/Front-Bottons-crepe-Abaya-with-cotton-sleeves-and-shoulder-detail_1-scaled.webp,https://abayanoir.com/product/front-bottons-crepe-abaya-with-cotton-sleeves-and-shoulder-detail/?v=3d9975706be3
33037,Noir,43.18$,Jump Suit Abaya,Abayas,Women,https://abayanoir.com/wp-content/uploads/2023/11/Jump-Suit-Abaya_1.webp,https://abayanoir.com/product/jump-suit-abaya/?v=3d9975706be3
32946,Noir,42.13$,Metal Zipper Abaya,Abayas,Women,https://abayanoir.com/wp-content/uploads/2023/11/Metal-Zipper-Abaya_1.webp,https://abayanoir.com/product/metal-zipper-abaya/?v=3d9975706be3
34593,Noir,35.14$,Offwhite Abaya Code,Abayas,Women,https://abayanoir.com/wp-content/uploads/2023/11/Offwhite-Abaya-Code_1.webp,https://abayanoir.com/product/offwhite-abaya-code/?v=3d9975706be3
32947,Noir,54.83$,Papillion Abaya with touch of satin,Abayas,Women,https://abayanoir.com/wp-content/uploads/2023/11/Papillion-Abaya-with-touch-of-satin_1.webp,https://abayanoir.com/product/papillion-abaya-with-touch-of-satin/?v=3d9975706be3
33068,Noir,48.48$,Poncho Abaya,Abayas,Women,https://abayanoir.com/wp-content/uploads/2023/11/Poncho-Abaya_1.webp,https://abayanoir.com/product/poncho-abaya/?v=3d9975706be3
33951,Noir,46.36$,Raglan Abaya With bottons,Abayas,Women,https://abayanoir.com/wp-content/uploads/2023/11/Raglan-Abaya-With-bottons_1.webp,https://abayanoir.com/product/raglan-abaya-with-bottons/?v=3d9975706be3
33065,Noir,46.36$,Spanish Cut Abaya,Abayas,Women,https://abayanoir.com/wp-content/uploads/2023/11/Spanish-Cut-Abaya_1.webp,https://abayanoir.com/product/spanish-cut-abaya/?v=3d9975706be3
33460,Noir,52.71$,Spanish Cut Abaya With Zipper,Abayas,Women,https://abayanoir.com/wp-content/uploads/2023/11/Spanish-Cut-Abaya-With-Zipper_1.webp,https://abayanoir.com/product/spanish-cut-abaya-with-zipper/?v=3d9975706be3
33492,Noir,46.36$,Sport Abaya with touch of Black or Blue Cotton,Abayas,Women,https://abayanoir.com/wp-content/uploads/2023/11/Sport-Abaya-with-touch-of-Black-Cotton_1.webp,https://abayanoir.com/product/sport-abaya-with-touch-of-black-cotton/?v=3d9975706be3
33461,Noir,58.00$,Tie Abaya,Abayas,Women,https://abayanoir.com/wp-content/uploads/2023/11/Tie-Abaya_1.webp,https://abayanoir.com/product/tie-abaya/?v=3d9975706be3
33125,Noir,73.88$,Tulip Abaya with Closh cut and Zipper – Black scarf included,Abayas,Women,https://abayanoir.com/wp-content/uploads/2023/11/Tulip-Abaya-with-Closh-cut-and-Zipper-–-Black-scarf-included.webp,https://abayanoir.com/product/tulip-abaya-with-closh-cut-and-zipper-black-scarf-included/?v=3d9975706be3
36516,Noir,61.18$,Tulip Abaya with Leather Belt – Black Fine Chiffon Tulip Scarf Included,Abayas,Women,https://abayanoir.com/wp-content/uploads/2024/01/Tulip-Abaya-With-Leather-Belt-–-Black-Fine-Chiffon-Tulip-Scarf-Included-1.jpg,https://abayanoir.com/product/tulip-abaya-with-leather-belt-black-fine-chiffon-tulip-scarf-included/?v=3d9975706be3
32776,Noir,63.29$,Tulip Abaya With satin stripes – Black Chiffon Scarf included,Abayas,Women,https://abayanoir.com/wp-content/uploads/2023/11/Tulip-Abaya-With-satin-stripes-–-Black-Chiffon-Scarf-included.webp,https://abayanoir.com/product/tulip-abaya-with-satin-stripes-black-chiffon-scarf-included/?v=3d9975706be3
34700,Noir,59.06$,Tulip Crepe Abaya with Belt,Abayas,Women,https://abayanoir.com/wp-content/uploads/2023/11/Tulip-Crepe-Abaya-with-Belt_2.webp,https://abayanoir.com/product/tulip-crepe-abaya-with-belt/?v=3d9975706be3
33739,Noir,61.18$,Tulip Crois?e Silk Abaya with Matching Scarf,Abayas,Women,https://abayanoir.com/wp-content/uploads/2023/11/Tulip-Croisee-Silk-Abaya-with-Matching-Scarf.jpg,https://abayanoir.com/product/tulip-croisee-silk-abaya-with-matching-scarf/?v=3d9975706be3
32775,Noir,63.29$,Tulip Layers Abaya -Black Chiffon Scarf included,Abayas,Women,https://abayanoir.com/wp-content/uploads/2023/11/Tulip-Layers-Abaya-Black-Chiffon-Scarf-included-3.webp,https://abayanoir.com/product/tulip-layers-abaya-black-chiffon-scarf-included/?v=3d9975706be3
32748,Noir,61.18$,Tulip Pockets with magic zipper Abaya – Black Chiffon Scarf included,Abayas,Women,https://abayanoir.com/wp-content/uploads/2023/11/LX0A5001-scaled.jpg,https://abayanoir.com/product/tulip-pockets-with-magic-zipper-abaya-black-chiffon-scarf-included/?v=3d9975706be3
34109,Noir,61.18$,Tulip Wide Abaya with France Sleeves – Scarf Included,Abayas,Women,https://abayanoir.com/wp-content/uploads/2023/11/Tulip-Wide-Abaya-with-France-Sleeves-Scarf-Included-e1708615878275.jpeg,https://abayanoir.com/product/tulip-wide-abaya-with-fronce-sleeves/?v=3d9975706be3
32975,Noir,49.96$,V Neck Abaya With touch of satin,Abayas,Women,https://abayanoir.com/wp-content/uploads/2023/11/V-Neck-Abaya-With-touch-of-satin_1.webp,https://abayanoir.com/product/v-neck-abaya-with-touch-of-satin/?v=3d9975706be3
33208,Noir,43.18$,Zipper Abaya With 2 pockets,Abayas,Women,https://abayanoir.com/wp-content/uploads/2023/11/Zipper-Abaya-With-pockets_1.webp,https://abayanoir.com/product/zipper-abaya-with-2-pockets/?v=3d9975706be3
32948,Noir,59.06$,zipper Abaya With touch of Purple or gray crepe,Abayas,Women,https://abayanoir.com/wp-content/uploads/2023/11/zipper-Abaya-With-touch-of-Purple-crepe_1.webp,https://abayanoir.com/product/zipper-abaya-with-touch-of-purple-crepe/?v=3d9975706be3
32696,Noir,46.36$,Zipper Chiffon Abaya,Abayas,Women,https://abayanoir.com/wp-content/uploads/2023/11/Zipper-Chiffon-Abaya_1.webp,https://abayanoir.com/product/zipper-chiffon-abaya/?v=3d9975706be3
38141,Noir,65.41$,Wide Tulip Abaya,Abayas,Women,https://abayanoir.com/wp-content/uploads/2024/02/Abaya-Noir-639.webp,https://abayanoir.com/product/wide-tulip-abaya/?v=3d9975706be3
1,malbus,$52.99,Arwa,Abayas,Women,https://www.bymalbus.com/cdn/shop/files/arwa-2298126.png?v=1760830313&width=1000,https://www.bymalbus.com/products/arwa
2,malbus,$29.99,Beige -  Front Close Abaya,Abayas,Women,https://www.bymalbus.com/cdn/shop/files/beige-front-close-abaya-6608867.jpg?v=1761943474&width=1000,https://www.bymalbus.com/products/beige-front-close-abaya
3,malbus,$29.99,Beige - Front Open Abaya,Abayas,Women,https://www.bymalbus.com/cdn/shop/files/beige-front-open-abaya-4958068.jpg?v=1760830163&width=1000,https://www.bymalbus.com/products/beige-front-open-abaya
4,malbus,$52.99,Beige Stone Lace Abaya,Abayas,Women,https://www.bymalbus.com/cdn/shop/files/beige-stone-lace-abaya-3487529.jpg?v=1761943473&width=1000,https://www.bymalbus.com/products/beige-stone-lace-abaya
5,malbus,$41.99,Beige Umbrella Abaya,Abayas,Women,https://www.bymalbus.com/cdn/shop/files/beige-umbrella-abaya-3721920.jpg?v=1760830163&width=1000,https://www.bymalbus.com/products/beige-umbrella-abaya-1
6,malbus,$29.99,Black -  Front Close Abaya,Abayas,Women,https://www.bymalbus.com/cdn/shop/files/black-front-close-abaya-9905810.jpg?v=1760830161&width=1000,https://www.bymalbus.com/products/black-front-close-abaya
7,malbus,$34.99,Black - Casual Abaya,Abayas,Women,https://www.bymalbus.com/cdn/shop/files/black-casual-abaya-6195601.jpg?v=1760830162&width=1000,https://www.bymalbus.com/products/black-casual-abaya-1
8,malbus,$29.99,Black - Front Open Abaya,Abayas,Women,https://www.bymalbus.com/cdn/shop/files/black-front-open-abaya-7179655.jpg?v=1760830163&width=1000,https://www.bymalbus.com/products/black-front-open-abaya
9,malbus,$38.99,Black Floral Abaya,Abayas,Women,https://www.bymalbus.com/cdn/shop/files/black-floral-abaya-6579614.jpg?v=1762014139&width=1000,https://www.bymalbus.com/products/black-floral-abaya
10,malbus,$43.99,Black Hexagon Abaya,Abayas,Women,https://www.bymalbus.com/cdn/shop/files/black-hexagon-abaya-4822163.jpg?v=1762014138&width=1000,https://www.bymalbus.com/products/black-hexagon-abaya
11,malbus,$49.99,Black Stone Lace Abaya,Abayas,Women,https://www.bymalbus.com/cdn/shop/files/black-stone-lace-abaya-5837118.jpg?v=1761943470&width=1000,https://www.bymalbus.com/products/black-stone-lace-abaya
12,malbus,$40.99,Casual Black Abaya,Abayas,Women,https://www.bymalbus.com/cdn/shop/products/casual-black-abaya-1747682.jpg?v=1760830567&width=1000,https://www.bymalbus.com/products/casual-black-abaya
13,malbus,$29.99,Chocolate Brown Plain Straight Closed Abaya,Abayas,Women,https://www.bymalbus.com/cdn/shop/files/chocolate-brown-plain-straight-closed-abaya-7075969.jpg?v=1760830608&width=1000,https://www.bymalbus.com/products/chocolate-brown-plain-straight-closed-abaya
14,malbus,$34.99,Elegant Beige Nida Casual Abaya,Abayas,Women,https://www.bymalbus.com/cdn/shop/files/beige-casual-abaya-1884528.jpg?v=1761943474&width=1000,https://www.bymalbus.com/products/beige-casual-abaya-1
15,malbus,$41.99,Elegant Black Nida Umbrella Abaya,Abayas,Women,https://www.bymalbus.com/cdn/shop/files/black-umbrella-abaya-1154882.jpg?v=1761943473&width=1000,https://www.bymalbus.com/products/black-umbrella-abaya-1
16,malbus,$41.99,Elina,Abayas,Women,https://www.bymalbus.com/cdn/shop/files/elina-7396554.jpg?v=1760830381&width=1000,https://www.bymalbus.com/products/elina
17,malbus,$41.99,Ember - Green,Abayas,Women,https://www.bymalbus.com/cdn/shop/files/ember-green-7951099.jpg?v=1760830310&width=1000,https://www.bymalbus.com/products/ember-green
18,malbus,$41.99,Ember - Rust,Abayas,Women,https://www.bymalbus.com/cdn/shop/files/ember-rust-3232620.jpg?v=1760830310&width=1000,https://www.bymalbus.com/products/ember-rust
19,malbus,$56.99,Ivory Verse,Abayas,Women,https://www.bymalbus.com/cdn/shop/files/ivory-verse-1247231.jpg?v=1760830317&width=1000,https://www.bymalbus.com/products/ivory-verse
20,malbus,$36.99,Malabis,Abayas,Women,https://www.bymalbus.com/cdn/shop/files/malabis-3884953.jpg?v=1760830513&width=1000,https://www.bymalbus.com/products/malabis
21,malbus,$29.99,Mauve -  Front Close Abaya,Abayas,Women,https://www.bymalbus.com/cdn/shop/files/mauve-front-close-abaya-4742927.jpg?v=1760830163&width=1000,https://www.bymalbus.com/products/mauve-front-close-abaya
22,malbus,$34.99,Mauve - Casual Abaya,Abayas,Women,https://www.bymalbus.com/cdn/shop/files/mauve-casual-abaya-6233162.jpg?v=1760830163&width=1000,https://www.bymalbus.com/products/mauve-casual-abaya-1
23,malbus,$29.99,Mauve - Front Open Abaya,Abayas,Women,https://www.bymalbus.com/cdn/shop/files/mauve-front-open-abaya-3503091.jpg?v=1760830163&width=1000,https://www.bymalbus.com/products/mauve-front-open-abaya
24,malbus,$54.99,Mauve Embriodered,Abayas,Women,https://www.bymalbus.com/cdn/shop/files/mauve-embriodered-8733631.jpg?v=1760830223&width=1000,https://www.bymalbus.com/products/mauve-embriodered-1
25,malbus,$70.99,Mauve Radiance,Abayas,Women,https://www.bymalbus.com/cdn/shop/files/mauve-radiance-4074799.jpg?v=1760830310&width=1000,https://www.bymalbus.com/products/mauve-radiance
26,malbus,$41.99,Mauve Umbrella Abaya,Abayas,Women,https://www.bymalbus.com/cdn/shop/files/mauve-umbrella-abaya-9840182.png?v=1761943557&width=1000,https://www.bymalbus.com/products/mauve-umbrella-abaya-1
27,malbus,$52.99,Mocha Luxe,Abayas,Women,https://www.bymalbus.com/cdn/shop/files/mocha-luxe-5748432.jpg?v=1760830316&width=1000,https://www.bymalbus.com/products/mocha-luxe
28,malbus,$43.99,Mocha Wave,Abayas,Women,https://www.bymalbus.com/cdn/shop/files/mocha-wave-7813246.jpg?v=1760830309&width=1000,https://www.bymalbus.com/products/mocha-wave
29,malbus,$49.99,Moonstone,Abayas,Women,https://www.bymalbus.com/cdn/shop/files/moonstone-5688524.jpg?v=1760830309&width=1000,https://www.bymalbus.com/products/moonstone
30,malbus,$29.99,Navy Blue -  Front Close Abaya,Abayas,Women,https://www.bymalbus.com/cdn/shop/files/navy-blue-front-close-abaya-2447200.jpg?v=1761943474&width=1000,https://www.bymalbus.com/products/navy-blue-front-close-abaya
31,malbus,$29.99,Navy Blue - Front Open Abaya,Abayas,Women,https://www.bymalbus.com/cdn/shop/files/navy-blue-front-open-abaya-4584977.jpg?v=1761943474&width=1000,https://www.bymalbus.com/products/navy-blue-front-open-abaya
32,malbus,$41.99,Navy Blue - Umbrella Abaya,Abayas,Women,https://www.bymalbus.com/cdn/shop/files/navy-blue-umbrella-abaya-8926700.jpg?v=1761943473&width=1000,https://www.bymalbus.com/products/navy-blue-umbrella-abaya-1
33,malbus,$34.99,Navy Blue Casual Abaya,Abayas,Women,https://www.bymalbus.com/cdn/shop/files/navy-blue-casual-abaya-2215649.jpg?v=1760830162&width=1000,https://www.bymalbus.com/products/navy-blue-casual-abaya-1
34,malbus,$48.99,Nazra,Abayas,Women,https://www.bymalbus.com/cdn/shop/files/nazra-5527493.jpg?v=1760830316&width=1000,https://www.bymalbus.com/products/nazra
35,malbus,$41.99,Noirah,Abayas,Women,https://www.bymalbus.com/cdn/shop/files/noirah-2835782.jpg?v=1760830307&width=1000,https://www.bymalbus.com/products/noirah
36,malbus,$63.99,Noor al Aswad,Abayas,Women,https://www.bymalbus.com/cdn/shop/files/noor-al-aswad-1368469.jpg?v=1760830378&width=1000,https://www.bymalbus.com/products/noor-al-aswad
37,malbus,$63.99,Noor e Layla,Abayas,Women,https://www.bymalbus.com/cdn/shop/files/noor-e-layla-6025202.jpg?v=1760830308&width=1000,https://www.bymalbus.com/products/noor-e-layla
38,malbus,$49.99,Petal Pink Hand Embellished,Abayas,Women,https://www.bymalbus.com/cdn/shop/files/petal-pink-hand-embellished-6327046.jpg?v=1760830307&width=1000,https://www.bymalbus.com/products/petal-pink-hand-embellished
39,malbus,$34.99,Pleat Luxe,Abayas,Women,https://www.bymalbus.com/cdn/shop/files/pleat-luxe-5852355.jpg?v=1760830223&width=1000,https://www.bymalbus.com/products/pleat-luxe-1
40,malbus,$54.99,Radiance,Abayas,Women,https://www.bymalbus.com/cdn/shop/files/radiance-4254266.png?v=1760830315&width=1000,https://www.bymalbus.com/products/radiance
41,malbus,$48.99,Rayhan,Abayas,Women,https://www.bymalbus.com/cdn/shop/files/rayhan-6664989.jpg?v=1760830380&width=1000,https://www.bymalbus.com/products/rayhan
42,malbus,$48.99,Rosara,Abayas,Women,https://www.bymalbus.com/cdn/shop/files/rosara-1829133.jpg?v=1760830307&width=1000,https://www.bymalbus.com/products/rosara
43,malbus,$36.99,Ruby,Abayas,Women,https://www.bymalbus.com/cdn/shop/files/ruby-8475607.jpg?v=1760830513&width=1000,https://www.bymalbus.com/products/ruby-abaya
44,malbus,$50.99,Slate Grey Panel Abaya,Abayas,Women,https://www.bymalbus.com/cdn/shop/files/slate-grey-panel-abaya-4331680.jpg?v=1760830307&width=1000,https://www.bymalbus.com/products/slate-grey-panel-abaya
45,malbus,$54.99,Sutura,Abayas,Women,https://www.bymalbus.com/cdn/shop/files/sutura-4627095.jpg?v=1760830318&width=1000,https://www.bymalbus.com/products/sutura
46,malbus,$56.99,Tawny,Abayas,Women,https://www.bymalbus.com/cdn/shop/files/tawny-3705918.jpg?v=1760830317&width=1000,https://www.bymalbus.com/products/tawny
47,malbus,$34.99,White - Casual Abaya,Abayas,Women,https://www.bymalbus.com/cdn/shop/files/white-casual-abaya-6783005.jpg?v=1760830163&width=1000,https://www.bymalbus.com/products/white-casual-abaya
48,malbus,$29.99,White - Font Open Abaya,Abayas,Women,https://www.bymalbus.com/cdn/shop/files/white-font-open-abaya-7516986.jpg?v=1761943474&width=1000,https://www.bymalbus.com/products/white-font-open-abaya
49,malbus,$41.99,White - Umbrella Abaya,Abayas,Women,https://www.bymalbus.com/cdn/shop/files/white-umbrella-abaya-7382867.jpg?v=1760830162&width=1000,https://www.bymalbus.com/products/white-umbrella-abaya
50,malbus,$48.99,Zaina,Abayas,Women,https://www.bymalbus.com/cdn/shop/files/zaina-3612706.jpg?v=1760830316&width=1000,https://www.bymalbus.com/products/zaina
51,malbus,$50.99,Zareen,Abayas,Women,https://www.bymalbus.com/cdn/shop/files/zareen-8960668.jpg?v=1760830378&width=1000,https://www.bymalbus.com/products/zareen
52,malbus,$56.99,Zariah,Abayas,Women,https://www.bymalbus.com/cdn/shop/files/zariah-5806657.png?v=1760830311&width=1000,https://www.bymalbus.com/products/zariah-1
53,malbus,$49.99,Zarmin,Abayas,Women,https://www.bymalbus.com/cdn/shop/files/zarmin-6162781.jpg?v=1760830377&width=1000,https://www.bymalbus.com/products/zarmin
54,malbus,$40.99,Zarqa,Abayas,Women,https://www.bymalbus.com/cdn/shop/files/zarqa-1774299.jpg?v=1760830377&width=1000,https://www.bymalbus.com/products/zarqa
8348479291649,Dhaagy,96.59,Butterfly Bliss Abaya,Abayas,Women,https://www.dhaagey.pk/cdn/shop/files/ButterflyBlissAbayabyDhaageyAbaya-2-_1.jpg?v=1748859830&width=1100,https://www.dhaagey.pk/products/butterfly-bliss-abaya
8426649846017,Dhaagy,82.93,Forest Finesse Abaya,Abayas,Women,https://www.dhaagey.pk/cdn/shop/files/FSJA0204-_1.jpg?v=1748859578&width=1100,https://www.dhaagey.pk/products/forest-finesse-abaya
8653982400769,Dhaagy,84.88,Noor Al-Layl Abaya,Abayas,Women,https://www.dhaagey.pk/cdn/shop/files/NoorAL-LaylAbayabyDhaageyAbaya-3-_1.jpg?v=1748859375&width=1100,https://www.dhaagey.pk/products/noor-al-layl-abaya
8398602830081,Dhaagy,132.93,Butterfly Dream Lace Abaya,Abayas,Women,https://www.dhaagey.pk/cdn/shop/files/ButterflyDreamLaceAbaya-2-_1.jpg?v=1748859614&width=1100,https://www.dhaagey.pk/products/butterfly-dream-lace-abaya
8502418505985,Dhaagy,92.68,Brown Majestic Abaya,Abayas,Women,https://www.dhaagey.pk/cdn/shop/files/BrownMajesticbyDhaagey_4.jpg?v=1737967806&width=1100,https://www.dhaagey.pk/products/brown-majestic-abaya
8339343474945,Dhaagy,67.32,White Serenity Abaya,Abayas,Women,https://www.dhaagey.pk/cdn/shop/files/White-Serenity-Abaya-by-Dhaagey-Abaya-05-_1.jpg?v=1748859915&width=1100,https://www.dhaagey.pk/products/white-serenity-abaya
8348739076353,Dhaagy,72.68,Graceful Harmony Abaya,Abayas,Women,https://www.dhaagey.pk/cdn/shop/files/GracefulHarmonyAbayabyDhaageyAbaya-11-_1.jpg?v=1748859727&width=1100,https://www.dhaagey.pk/products/graceful-harmony-abaya
8398592540929,Dhaagy,86.83,Midnight Hooded Abaya,Abayas,Women,https://www.dhaagey.pk/cdn/shop/files/MidnightHoodedAbaya-1-updated-_1.png?v=1748859650&width=1100,https://www.dhaagey.pk/products/midnight-hooded-abaya
8348710502657,Dhaagy,80.0,Hayat Black Abaya,Abayas,Women,https://www.dhaagey.pk/cdn/shop/files/HayatBlackAbayabyDhaageyAbaya-4-_1.jpg?v=1748859771&width=1100,https://www.dhaagey.pk/products/hayat-black-abaya
8348732784897,Dhaagy,80.0,Sacred Serenity Abaya,Abayas,Women,https://www.dhaagey.pk/cdn/shop/files/SacredSerenityAbayabyDhaageyAbaya-9-_1.jpg?v=1748859747&width=1100,https://www.dhaagey.pk/products/sacred-serenity-abaya
8339307856129,Dhaagy,170.24,Safaa Calligraphy Abaya,Abayas,Women,https://www.dhaagey.pk/cdn/shop/files/Safaa-Calligraphy-Abaya-by-dhaagey-Abaya-04-_1.jpg?v=1748859967&width=1100,https://www.dhaagey.pk/products/safaa-caligraphy-abaya
8339294454017,Dhaagy,180.0,Twilight Black Sapphire Abaya,Abayas,Women,https://www.dhaagey.pk/cdn/shop/files/TwilightBlueSapphireAbaya02.jpg?v=1713453261&width=1100,https://www.dhaagey.pk/products/twilight-black-sapphire-abaya
8338616680705,Dhaagy,180.0,Emerald Black Abaya,Abayas,Women,https://www.dhaagey.pk/cdn/shop/files/EmeraldBlackbyDhaageyAbaya10-_1.jpg?v=1748860015&width=1100,https://www.dhaagey.pk/products/emerald-black-abaya
8338610094337,Dhaagy,180.0,Emerald Green Abaya,Abayas,Women,https://www.dhaagey.pk/cdn/shop/files/EmeraldGreenbyDhaageyAbaya06.jpg?v=1713434055&width=1100,https://www.dhaagey.pk/products/emerald-green-abaya
8348319351041,Dhaagy,82.93,Timeless Striped Abaya,Abayas,Women,https://www.dhaagey.pk/cdn/shop/files/TimelessStripedAbayabyDhaageyAbaya04-_1.jpg?v=1748859850&width=1100,https://www.dhaagey.pk/products/timeless-striped-abaya
8398597030145,Dhaagy,102.44,Golden Grace Abaya,Abayas,Women,https://www.dhaagey.pk/cdn/shop/files/GoldenGraceAbayabyDhaageyAbaya-11-updated-_1.jpg?v=1748859631&width=1100,https://www.dhaagey.pk/products/golden-grace-abaya
8727722492161,Dhaagy,96.59,Noor Al-Qahwa Abaya,Abayas,Women,https://www.dhaagey.pk/cdn/shop/files/Noor-Al-Qahwa-Abaya-by-Dhaagey-Abaya-6-_1.jpg?v=1748859018&width=1100,https://www.dhaagey.pk/products/noor-al-qahwa-abaya
8348747137281,Dhaagy,72.68,Silver Mist Abaya,Abayas,Women,https://www.dhaagey.pk/cdn/shop/files/ad89bb5c-1385-4dfa-ab1c-c84c7aeb86af.jpg?v=1727540879&width=1100,https://www.dhaagey.pk/products/silver-mist-abaya
8656610459905,Dhaagy,84.88,Midnight Olive Abaya,Abayas,Women,https://www.dhaagey.pk/cdn/shop/files/WhatsAppImage2024-11-27at16.08.29.jpg?v=1733232931&width=1100,https://www.dhaagey.pk/products/midnight-olive-abaya
8681703899393,Dhaagy,155.12,Whispering Butterfly Abaya,Abayas,Women,https://www.dhaagey.pk/cdn/shop/files/1-12-014c0723-fee8-4b9d-9a19-de8dc2e79d1e-_1.jpg?v=1748859183&width=1100,https://www.dhaagey.pk/products/whispering-butterfly-abaya
8398589296897,Dhaagy,90.24,Noir Sport Stripe Abaya,Abayas,Women,https://www.dhaagey.pk/cdn/shop/files/NoirSportStripeAbayabyDhaageyAbaya-8-_1.jpg?v=1748859671&width=1100,https://www.dhaagey.pk/products/noir-sport-stripe-abaya
8398583005441,Dhaagy,72.68,White Orchid Abaya,Abayas,Women,https://www.dhaagey.pk/cdn/shop/files/WhiteOrchidAbayabyDhaageyAbaya-12-_1.jpg?v=1748859689&width=1100,https://www.dhaagey.pk/products/white-orchid-abaya
8881716625665,Dhaagy,96.59,Haya Olive Abaya,Abayas,Women,https://www.dhaagey.pk/cdn/shop/files/HayaOliveAbayabyDhaagey_3.png?v=1755259487&width=1100,https://www.dhaagey.pk/products/haya-olive-abaya
8728563810561,Dhaagy,96.59,Noor Al-Falak Abaya,Abayas,Women,https://www.dhaagey.pk/cdn/shop/files/Noor-Al-Falak-Abaya-by-Dhaagey-Abaya-10-_1.jpg?v=1748858997&width=1100,https://www.dhaagey.pk/products/noor-al-falak-abaya
8339491619073,Dhaagy,96.59,Black Bliss Jilbab,Abayas,Women,https://www.dhaagey.pk/cdn/shop/files/BlackBlissJilbabbyDhaageyAbaya06.jpg?v=1713453411&width=1100,https://www.dhaagey.pk/products/black-bliss-jilbab
8339466420481,Dhaagy,96.59,Teal Bliss Jilbab,Abayas,Women,https://www.dhaagey.pk/cdn/shop/files/TealBlissJilbabbyDhaageyAbaya01-_1.jpg?v=1748859891&width=1100,https://www.dhaagey.pk/products/teal-bliss-jilbab
8339282034945,Dhaagy,180.0,Twilight Blue Sapphire Abaya,Abayas,Women,https://www.dhaagey.pk/cdn/shop/files/TwilightBlueSapphireAbaya07-_1.jpg?v=1748859994&width=1100,https://www.dhaagey.pk/products/twilight-blue-sapphire-abaya
8907643420929,Dhaagy,132.93,Butterfly Dream White Abaya,Abayas,Women,https://www.dhaagey.pk/cdn/shop/files/ButterflyDreamWhiteAbaaybyDhaagey_4.png?v=1757334048&width=1100,https://www.dhaagey.pk/products/butterfly-dream-white-abaya
8338607341825,Dhaagy,180.0,Rose Radiance Crystal Abaya,Abayas,Women,https://www.dhaagey.pk/cdn/shop/files/RoseRadiancebyDhaageyAbaya07-_1.jpg?v=1748860044&width=1100,https://www.dhaagey.pk/products/rose-radiance-crystal-abaya
8891693596929,Dhaagy,67.32,Layali Black Abaya,Abayas,Women,https://www.dhaagey.pk/cdn/shop/files/4.png?v=1755861070&width=1100,https://www.dhaagey.pk/products/layali-black-abaya
8678920683777,Dhaagy,96.59,Butterfly Aura Abaya,Abayas,Women,https://www.dhaagey.pk/cdn/shop/files/1-7-_1.jpg?v=1748859253&width=1100,https://www.dhaagey.pk/products/butterfly-aura-abaya
8747806195969,Dhaagy,161.59,Noor Al-Noir Abaya,Abayas,Women,https://www.dhaagey.pk/cdn/shop/files/NoorAl-NoirAbayabySacha_sCakes_2.jpg?v=1742287343&width=1100,https://www.dhaagey.pk/products/noor-al-noir-abaya
8339523666177,Dhaagy,82.93,Pink French Jilbab,Abayas,Women,https://www.dhaagey.pk/cdn/shop/files/PinkFrenchJilbabbyDhaageyAbaya10-_1.jpg?v=1748859868&width=1100,https://www.dhaagey.pk/products/pink-french-jilbab
8682539483393,Dhaagy,116.1,Pearl Rose Abaya,Abayas,Women,https://www.dhaagey.pk/cdn/shop/files/Pearl-Rose-Abaya-by-Dhaagey-Abaya-_1.jpg?v=1748859132&width=1100,https://www.dhaagey.pk/products/pearl-rose-abaya
8427835097345,Dhaagy,96.59,Shamairah Abaya,Abayas,Women,https://www.dhaagey.pk/cdn/shop/files/WhatsAppImage2024-05-17at16-19-48-_1.jpg?v=1748859569&width=1100,https://www.dhaagey.pk/products/shamairah-abaya
8404636369153,Dhaagy,82.93,Harmony Thread Abaya,Abayas,Women,https://www.dhaagey.pk/cdn/shop/files/HarmonyThreadAbaya-12-_1.jpg?v=1748859590&width=1100,https://www.dhaagey.pk/products/harmony-thread-abaya
8339323420929,Dhaagy,170.24,Marwah Calligraphy Abaya,Abayas,Women,https://www.dhaagey.pk/cdn/shop/files/MarwahCalligraphyAbayaByDhaageyAbaya03-999efb12-39be-4990-9e8c-e188851ce13c-_1.jpg?v=1748859941&width=1100,https://www.dhaagey.pk/products/marwah-calligraphy-abaya
8734021714177,Dhaagy,112.2,Noor Al-Fajar Abaya,Abayas,Women,https://www.dhaagey.pk/cdn/shop/files/WhatsAppImage2025-02-25at18.32.22_5.jpg?v=1740493056&width=1100,https://www.dhaagey.pk/products/noor-al-fajar-abaya
8348686713089,Dhaagy,135.61,Oceanic Elegance Abaya,Abayas,Women,https://www.dhaagey.pk/cdn/shop/files/OceanicEleganceAbayabyDhaageyAbaya-5-_1.jpg?v=1748859792&width=1100,https://www.dhaagey.pk/products/oceanic-elegance-abaya
8731326218497,Dhaagy,96.59,Sahar Al-Noor Abaya,Abayas,Women,https://www.dhaagey.pk/cdn/shop/files/1-2-bb0cecad-eee9-46b7-a110-891d31b57d62-_1.jpg?v=1748858975&width=1100,https://www.dhaagey.pk/products/sahar-al-noor-abaya
8682536665345,Dhaagy,116.1,Dusky Petal Abaya,Abayas,Women,https://www.dhaagey.pk/cdn/shop/files/Dusky-Petal-by-Dhaagey-Abaya-_1.jpg?v=1748859159&width=1100,https://www.dhaagey.pk/products/dusky-petal-abaya
8446323032321,Dhaagy,82.93,Sherry Green Abaya,Abayas,Women,https://www.dhaagey.pk/cdn/shop/files/WhatsAppImage2024-05-17at16-19-54-_1.jpg?v=1748859563&width=1100,https://www.dhaagey.pk/products/sherry-green-abaya
8377609388289,Dhaagy,72.68,Lavender Dusk Abaya,Abayas,Women,https://www.dhaagey.pk/cdn/shop/files/LavenderDuskAbayabyDhaageyAbaya-2-_1.jpg?v=1748859709&width=1100,https://www.dhaagey.pk/products/lavender-dusk-abaya
8348649619713,Dhaagy,80.0,Purple Butterfly Abaya,Abayas,Women,https://www.dhaagey.pk/cdn/shop/files/PurpleButterflyAbayabyDhaageyAbaya-1-_1.jpg?v=1748859813&width=1100,https://www.dhaagey.pk/products/purple-butterfly-abaya
8687208235265,Dhaagy,116.1,Midnight Cascade Abaya,Abayas,Women,https://www.dhaagey.pk/cdn/shop/files/MidnightCascadeAbaya-7-_1.jpg?v=1748859102&width=1100,https://www.dhaagey.pk/products/midnight-cascade-abaya
8687204827393,Dhaagy,116.1,Sage Whisper Abaya,Abayas,Women,https://www.dhaagey.pk/cdn/shop/files/SageWhisperAbayabyDhaageyAbaya-14-_1.jpg?v=1748859120&width=1100,https://www.dhaagey.pk/products/sage-whisper-abaya
8656612819201,Dhaagy,92.68,Artisan Noir Abaya,Abayas,Women,https://www.dhaagey.pk/cdn/shop/files/ArtisanNoirAbayabyDhaagey_2.jpg?v=1733233412&width=1100,https://www.dhaagey.pk/products/artisan-noir-abaya
8742593495297,Dhaagy,107.22,Mocha Bloom Abaya,Abayas,Women,https://www.dhaagey.pk/cdn/shop/files/MochaBloomAbayabyDhaageyAbayat-1-_1.jpg?v=1748858899&width=1100,https://www.dhaagey.pk/products/mocha-bloom-abaya
8734022631681,Dhaagy,112.2,Zamrud Noor Abaya,Abayas,Women,https://www.dhaagey.pk/cdn/shop/files/1-4-7fba613b-ca1a-43b2-81b4-5886f6e0e65d-_1.jpg?v=1748858945&width=1100,https://www.dhaagey.pk/products/zamrud-noor-abaya
8611353493761,Dhaagy,82.93,Leafs Glam Abaya,Abayas,Women,https://www.dhaagey.pk/cdn/shop/files/4b81d3cf-3d87-4645-af32-a02b34692667-_1.jpg?v=1748859388&width=1100,https://www.dhaagey.pk/products/leafs-glam-abaya
8446320345345,Dhaagy,82.93,Brook Green Abaya,Abayas,Women,https://www.dhaagey.pk/cdn/shop/files/WhatsAppImage2024-05-17at16-19-51-_1.jpg?v=1748859566&width=1100,https://www.dhaagey.pk/products/brook-green-abaya
8953553256705,Dhaagy,169.51,Zahra Forest Abaya,Abayas,Women,https://www.dhaagey.pk/cdn/shop/files/ZahraForestAbayabyDhaageyAbayas_3.png?v=1762178612&width=1100,https://www.dhaagey.pk/products/zahra-forest-abaya
8738515386625,Dhaagy,107.22,Sama Sky Abaya,Abayas,Women,https://www.dhaagey.pk/cdn/shop/files/SamaSkyAbayabyDhaageyAbaya-6-_1.jpg?v=1748858921&width=1100,https://www.dhaagey.pk/products/sama-sky-abaya
8687220293889,Dhaagy,184.39,Noir Majesty Abaya,Abayas,Women,https://www.dhaagey.pk/cdn/shop/files/NoirMajestyAbayabyDhaageyAbaya-4-_1.jpg?v=1748859075&width=1100,https://www.dhaagey.pk/products/noir-majesty-abaya
8672343884033,Dhaagy,116.1,Sabr Heart Abaya,Abayas,Women,https://www.dhaagey.pk/cdn/shop/files/HeartShapedSabarAbaya_13.jpg?v=1736075322&width=1100,https://www.dhaagey.pk/products/sabr-heart-abaya
8672338018561,Dhaagy,94.63,Bahar Stripes Abaya,Abayas,Women,https://www.dhaagey.pk/cdn/shop/files/DarkBlueStripeAbaya_1.jpg?v=1735649768&width=1100,https://www.dhaagey.pk/products/bahar-stripes-abaya
78464,Butterfly,36.74,Kaftan Abaya in Purple with Elegant Embroidery OL-0500,Abayas,Women,https://i0.wp.com/zainabcollection.com/wp-content/uploads/2025/11/500-7-scaled.jpg?fit=430%2C645&ssl=1,https://zainabcollection.com/product/kaftan-abaya-in-purple-with-elegant-embroidery-ol-0500/
77448,Butterfly,26.74,Kaftan Abaya in Double Layered Chiffon with Stone Work OL-193,Abayas,Women,https://i0.wp.com/zainabcollection.com/wp-content/uploads/2025/10/193-scaled.jpg?fit=430%2C645&ssl=1,https://zainabcollection.com/product/kaftan-abaya-in-double-layered-chiffon-with-stone-work-ol-193/
65599,Butterfly,45.87,White Kaftan Abaya  Inner Maxi with Elegant Pearl Work OL-1087,Abayas,Women,https://i0.wp.com/zainabcollection.com/wp-content/uploads/2025/08/ZZZ2608-scaled.jpg?fit=430%2C645&ssl=1,https://zainabcollection.com/product/white-kaftan-abaya-inner-maxi-with-elegant-pearl-work-ol-1087/
64599,Butterfly,32.83,Kaftan Abaya with Embroidery and Belt OL-709,Abayas,Women,https://i0.wp.com/zainabcollection.com/wp-content/uploads/2025/08/ZZZ2287-scaled.jpg?fit=430%2C645&ssl=1,https://zainabcollection.com/product/kaftan-abaya-with-embroidery-and-belt-ol-709/
64531,Butterfly,39.35,Kaftan Abaya in Black Color with Embroidery OL-458,Abayas,Women,https://i0.wp.com/zainabcollection.com/wp-content/uploads/2025/08/ZZZ2397-scaled.jpg?fit=430%2C645&ssl=1,https://zainabcollection.com/product/kaftan-abaya-in-black-color-with-embroidery-ol-458/
64442,Butterfly,45.87,Black Kaftan Abaya with Border Embroidery OL- 1095,Abayas,Women,https://i0.wp.com/zainabcollection.com/wp-content/uploads/2025/08/ZZZ2168-scaled.jpg?fit=430%2C645&ssl=1,https://zainabcollection.com/product/black-kaftan-abaya-with-border-embroidery-ol-1095/
64281,Butterfly,32.83,Black Kaftan Abaya with Embroidery OL- 605,Abayas,Women,https://i0.wp.com/zainabcollection.com/wp-content/uploads/2025/08/ZZZ2093-scaled.jpg?fit=430%2C645&ssl=1,https://zainabcollection.com/product/black-kaftan-abaya-with-embroidery-ol-605/
63208,Butterfly,37.17,Skin Color Kaftan Abaya with Embroidery on Back OL-418,Abayas,Women,https://i0.wp.com/zainabcollection.com/wp-content/uploads/2025/08/418-scaled.jpg?fit=430%2C645&ssl=1,https://zainabcollection.com/product/skin-color-kaftan-abaya-with-embroidery-on-back-ol-418/
63078,Butterfly,37.17,Navy Kaftan Abaya with Embroidery OL-262,Abayas,Women,https://i0.wp.com/zainabcollection.com/wp-content/uploads/2025/08/ZZZ2346-scaled.jpg?fit=430%2C645&ssl=1,https://zainabcollection.com/product/navy-kaftan-abaya-with-embroidery/
61174,Butterfly,39.35,Navy Blue Kaftan Abaya with Embroidery on Back OL-357,Abayas,Women,https://i0.wp.com/zainabcollection.com/wp-content/uploads/2025/07/ZZZ2653-scaled.jpg?fit=430%2C645&ssl=1,https://zainabcollection.com/product/navy-blue-kaftan-abaya-with-embroidery-on-back-ol-357/
60537,Butterfly,47.61,Black Kaftan Abaya with Embroidery OL-310,Abayas,Women,https://i0.wp.com/zainabcollection.com/wp-content/uploads/2025/07/ZZZ2641-scaled.jpg?fit=430%2C645&ssl=1,https://zainabcollection.com/product/black-kaftan-abaya-with-embroidery-ol-310/
59082,Butterfly,36.74,Kaftan Abaya with Embroidery on Front and Borders  OL-930,Abayas,Women,https://i0.wp.com/zainabcollection.com/wp-content/uploads/2025/07/ZZZ3413-scaled.jpg?fit=430%2C645&ssl=1,https://zainabcollection.com/product/kaftan-abaya-with-embroidery-on-front-and-borders-ol-930/
58960,Butterfly,36.74,Kaftan Abaya in Nida Fabric with Same Color Embroidery OL- 662,Abayas,Women,https://i0.wp.com/zainabcollection.com/wp-content/uploads/2025/07/ZZZ3444-scaled.jpg?fit=430%2C645&ssl=1,https://zainabcollection.com/product/kaftan-abaya-in-nida-fabric-with-same-color-embroidery-ol-662/
56033,Butterfly,25.87,New Stylish Kaftan Abaya for Girls OL-1061,Abayas,Women,https://i0.wp.com/zainabcollection.com/wp-content/uploads/2025/05/ZZZ1336-scaled.jpg?fit=430%2C645&ssl=1,https://zainabcollection.com/product/new-stylish-kaftan-abaya-for-girls-ol-1061/
55654,Butterfly,40.65,Tie Style Kaftan Abaya with Inner Maxi OL-1033,Abayas,Women,https://i0.wp.com/zainabcollection.com/wp-content/uploads/2025/03/ZZZ1411-scaled.jpg?fit=430%2C645&ssl=1,https://zainabcollection.com/product/tie-style-kaftan-abaya-with-inner-maxi-ol-1033/
55608,Butterfly,32.83,Moon Embroided Kaftan Abaya OL-1059,Abayas,Women,https://i0.wp.com/zainabcollection.com/wp-content/uploads/2025/03/ZZZ1396-scaled.jpg?fit=430%2C645&ssl=1,https://zainabcollection.com/product/maroon-kaftan-abaya-ol-1059/
54931,Butterfly,31.96,Black Kaftan Abaya with Bow Style Embroidery OL-1037,Abayas,Women,https://i0.wp.com/zainabcollection.com/wp-content/uploads/2025/02/ZZZ0244-scaled.jpg?fit=430%2C645&ssl=1,https://zainabcollection.com/product/black-kaftan-abaya-with-bow-style-embroidery-ol-1037/
50537,Butterfly,24.13,Simple Butterfly Abaya in Zoom Fabric OL-1020,Abayas,Women,https://i0.wp.com/zainabcollection.com/wp-content/uploads/2024/11/ZZZ9243-scaled.jpg?fit=430%2C645&ssl=1,https://zainabcollection.com/product/simple-butterfly-abaya-in-zoom-fabric-ol-1020/
36553,Butterfly,37.17,New Nida Embroidery Butterfly Abaya OL-0770,Abayas,Women,https://i0.wp.com/zainabcollection.com/wp-content/uploads/2024/06/ZZZ0954-scaled.jpg?fit=430%2C645&ssl=1,https://zainabcollection.com/product/embroidery-butterfly-abaya/
29621,Butterfly,35.0,Best Embroidered Butterfly Abaya OL-999,Abayas,Women,https://i0.wp.com/zainabcollection.com/wp-content/uploads/2024/05/999.6-1-570x760-2.webp?fit=430%2C573&ssl=1,https://zainabcollection.com/product/butterfly-abaya/
29559,Butterfly,37.61,Nida Butterfly Abaya Z Style Stone OL-0996,Abayas,Women,https://i0.wp.com/zainabcollection.com/wp-content/uploads/2024/05/996.3-570x760-2.webp?fit=430%2C573&ssl=1,https://zainabcollection.com/product/butterfly-abaya-2/
28462,Butterfly,27.17,New Elegant Zainab’s Butterfly Abaya -0975,Abayas,Women,https://i0.wp.com/zainabcollection.com/wp-content/uploads/2024/05/0975.3-570x760-1.webp?fit=430%2C573&ssl=1,https://zainabcollection.com/product/new-zainabs-butterfly-abaya-0975/
28405,Butterfly,34.13,An Elegant Zainab’s Kaftan Abaya -0974,Abayas,Women,https://i0.wp.com/zainabcollection.com/wp-content/uploads/2024/05/0974-570x760-1.webp?fit=430%2C573&ssl=1,https://zainabcollection.com/product/an-elegant-zainabs-kaftan-abaya-0974/
28174,Butterfly,34.57,Best New Zainab’s Embroidery Butterfly Abaya – 0970,Abayas,Women,https://i0.wp.com/zainabcollection.com/wp-content/uploads/2024/05/0970.1-570x760-1.webp?fit=430%2C573&ssl=1,https://zainabcollection.com/product/zainabs-embroidery-butterfly-abaya-0970/
28057,Butterfly,38.91,Sophisticated Zainab Plain Maxi Abaya + Kaftan – 0968,Abayas,Women,https://i0.wp.com/zainabcollection.com/wp-content/uploads/2024/05/0968.3-570x760-1.webp?fit=430%2C573&ssl=1,https://zainabcollection.com/product/plain-maxi-abaya/
27941,Butterfly,37.17,New Butterfly Embroidery Abaya – 0966,Abayas,Women,https://i0.wp.com/zainabcollection.com/wp-content/uploads/2024/05/0966.5-570x760-1.webp?fit=430%2C573&ssl=1,https://zainabcollection.com/product/new-kaftan-embroidery-abaya-0966/
27827,Butterfly,30.65,New Kaftan Abaya Embroidery On Cuff – 0943,Abayas,Women,https://i0.wp.com/zainabcollection.com/wp-content/uploads/2024/05/0943.1-570x760-1.webp?fit=430%2C573&ssl=1,https://zainabcollection.com/product/new-kaftan-abaya-embroidery-on-cuff-0943/
27014,Butterfly,35.43,New Zainab Butterfly Abaya With Doted Embroidery On Shoulder – 0951,Abayas,Women,https://i0.wp.com/zainabcollection.com/wp-content/uploads/2024/05/0951-Zainab-Abaya-2-570x760-1.webp?fit=430%2C573&ssl=1,https://zainabcollection.com/product/new-zainab-butterfly-abaya-with-doted-embroidery-on-shoulder-0951/
26957,Butterfly,37.17,"New Zainab Butterfly Abaya ,Embroidery On Sleeve’s Cuff And Front -0950",Abayas,Women,https://i0.wp.com/zainabcollection.com/wp-content/uploads/2024/05/0950-Zainab-Abaya-2-570x760-1.webp?fit=430%2C573&ssl=1,https://zainabcollection.com/product/new-zainab-butterfly-abaya-embroidery-on-sleeves-cuff-and-front-0950/
25788,Butterfly,34.13,New Butterfly Abaya in  Chiffon Double Layer,Abayas,Women,https://i0.wp.com/zainabcollection.com/wp-content/uploads/2024/05/0845-Zainab-Abaya-2.jpg.webp?fit=430%2C628&ssl=1,https://zainabcollection.com/product/butterfly-abaya-3/
25678,Butterfly,36.3,New Nida Front Open Butterfly Abaya with Embroidery 0842,Abayas,Women,https://i0.wp.com/zainabcollection.com/wp-content/uploads/2024/05/0842-Zainab-Abaya-1.jpg.webp?fit=430%2C628&ssl=1,https://zainabcollection.com/product/front-open-butterfly-abaya/
25356,Butterfly,35.0,Nida Color Front Open Butterfly Abaya Embroidery On Front & Sleeves – 0834,Abayas,Women,https://i0.wp.com/zainabcollection.com/wp-content/uploads/2024/05/0834-Zainab-Abaya-1.jpg.webp?fit=430%2C618&ssl=1,https://zainabcollection.com/product/front-open-butterfly-abaya-2/
24950,Butterfly,28.91,Formal Front Open Butterfly Abaya Embroidery Work On Front & Sleeves – 0825,Abayas,Women,https://i0.wp.com/zainabcollection.com/wp-content/uploads/2024/05/0825-Zainab-Abaya-2.jpg.webp?fit=430%2C562&ssl=1,https://zainabcollection.com/product/butterfly-abaya-3-2/
24358,Butterfly,31.96,Nida Butterfly Abaya with Embroidery On Front – 0814,Abayas,Women,https://i0.wp.com/zainabcollection.com/wp-content/uploads/2024/05/0814-Zainab-ABaya-2.jpg.webp?fit=430%2C629&ssl=1,https://zainabcollection.com/product/butterfly-abaya-4/
24304,Butterfly,31.96,New Nida Butterfly Abaya with Embroidery On Front – 0813,Abayas,Women,https://i0.wp.com/zainabcollection.com/wp-content/uploads/2024/05/0813-Zainab-ABaya-.jpg.webp?fit=430%2C629&ssl=1,https://zainabcollection.com/product/nida-butterfly-abaya-with-embroidery/
24250,Butterfly,32.83,New Nida Color Butterfly Abaya with Embroidery On Sleeves – 0812,Abayas,Women,https://i0.wp.com/zainabcollection.com/wp-content/uploads/2024/05/0812-Zainab-Abaya-2.jpg.webp?fit=430%2C629&ssl=1,https://zainabcollection.com/product/nida-color-butterfly-abaya/
24195,Butterfly,32.83,New Nida Black Butterfly Abaya with Embroidery On Sleeves And Front – 0811,Abayas,Women,https://i0.wp.com/zainabcollection.com/wp-content/uploads/2024/05/0811-Zainab-Abaya-2.jpg.webp?fit=430%2C629&ssl=1,https://zainabcollection.com/product/black-butterfly-abaya/
23978,Butterfly,37.17,New Nida Color Butterfly Abaya with Embroidery On Front & Sleeves Cuff – 0807,Abayas,Women,https://i0.wp.com/zainabcollection.com/wp-content/uploads/2024/05/0807-Zainab-Abaya-4-634x845-1.webp?fit=430%2C573&ssl=1,https://zainabcollection.com/product/color-butterfly-abaya-2/
23819,Butterfly,36.3,New Nida Black Embroidery Butterfly Abaya – 0799,Abayas,Women,https://i0.wp.com/zainabcollection.com/wp-content/uploads/2024/05/0799-Zainab-Abaya-2-634x845-1.webp?fit=430%2C573&ssl=1,https://zainabcollection.com/product/nida-embroidery-butterfly-abaya/
23713,Butterfly,32.83,"Nida Black Butterfly Abaya, Embroidery Work On Shoulders With Pearl Work – 0798",Abayas,Women,https://i0.wp.com/zainabcollection.com/wp-content/uploads/2024/05/0798-Zainab-Abaya-2-634x845-1.webp?fit=430%2C573&ssl=1,https://zainabcollection.com/product/nida-black-butterfly-abaya/
23255,Butterfly,36.3,"Nida Color Butterfly Abaya, Embroidery Work With Tassel & Pearl On Front – 0792",Abayas,Women,https://i0.wp.com/zainabcollection.com/wp-content/uploads/2024/05/0792-Zainab-Abaya-3-634x845-1.webp?fit=430%2C573&ssl=1,https://zainabcollection.com/product/color-butterfly-abaya-2-2/
23202,Butterfly,34.13,Nida Color Butterfly Abaya Embroidery With Pearl Work On Front – 0790,Abayas,Women,https://i0.wp.com/zainabcollection.com/wp-content/uploads/2024/05/0790-Zainab-Abaya-2-634x845-1.webp?fit=430%2C573&ssl=1,https://zainabcollection.com/product/nida-butterfly-abaya-with-embroidery-and-pearl-work/
23149,Butterfly,39.35,Nida Color Butterfly Abaya Embroidery & Pearl Work On Front & Sleeves – 0789,Abayas,Women,https://i0.wp.com/zainabcollection.com/wp-content/uploads/2024/05/0789-Zainab-Abaya-.jpg.webp?fit=430%2C324&ssl=1,https://zainabcollection.com/product/nida-butterfly-abaya-pearl-on-front-sleeves/
23043,Butterfly,89.35,Nida Color Butterfly Abaya with Zardozi Work On Neck & Sleeves Cuff – 0784,Abayas,Women,https://i0.wp.com/zainabcollection.com/wp-content/uploads/2024/05/0784-Zainab-Abaya-.jpg.webp?fit=430%2C324&ssl=1,https://zainabcollection.com/product/butterfly-abaya-with-zardozi-work/
22458,Butterfly,21.96,Chiffon Butterfly Abaya With Formal Inner Maxi – 0763,Abayas,Women,https://i0.wp.com/zainabcollection.com/wp-content/uploads/2024/05/0763-Zainab-ABaya-634x845-1.webp?fit=430%2C573&ssl=1,https://zainabcollection.com/product/chiffon-butterfly-abaya/
21194,Butterfly,32.83,Nida Color Front Butterfly Abaya Open Hand Made Machine Embroidered On Back & Sleeves – 0710,Abayas,Women,https://i0.wp.com/zainabcollection.com/wp-content/uploads/2024/05/0710-ZAinab-Abaya-.jpg.webp?fit=430%2C323&ssl=1,https://zainabcollection.com/product/butterfly-abaya-5/
20819,Butterfly,36.74,Nida Butterfly Abaya Hand Made And Machine Embroidery On Front And Back – 0662,Abayas,Women,https://i0.wp.com/zainabcollection.com/wp-content/uploads/2024/05/0662-Zainab-Abaya-.png.webp?fit=430%2C431&ssl=1,https://zainabcollection.com/product/nida-butterfly-abaya-hand-made-and-machine-embroidery-on-front-and-back-0662/
20765,Butterfly,21.96,Nida Fabric Simple Butterfly Abaya – 0654,Abayas,Women,https://i0.wp.com/zainabcollection.com/wp-content/uploads/2024/05/0654-Zainab-Abaya-1.png.webp?fit=430%2C430&ssl=1,https://zainabcollection.com/product/simple-butterfly-abaya-0654/
20497,Butterfly,32.83,Nida Butterfly Abaya with Embroidery On Front And Sleeves – 0594,Abayas,Women,https://i0.wp.com/zainabcollection.com/wp-content/uploads/2024/05/0594-Zainab-Abaya-1-634x845-1.webp?fit=430%2C573&ssl=1,https://zainabcollection.com/product/nida-butterfly-abaya-with-embroidery-on-front-and-sleeves/
19565,Butterfly,32.83,New Butterfly Abaya with Embroidery On One Side Front And Sleeves – 0456,Abayas,Women,https://i0.wp.com/zainabcollection.com/wp-content/uploads/2024/05/0456-Zainab-Abaya-.jpg.webp?fit=430%2C654&ssl=1,https://zainabcollection.com/product/butterfly-abaya-with-embroidery-on-one-side-front-and-sleeves/
19512,Butterfly,21.96,Double Chiffon Butterfly Abaya With Same Color Staller – 0447,Abayas,Women,https://i0.wp.com/zainabcollection.com/wp-content/uploads/2024/05/ZZZ2251-scaled.jpg?fit=430%2C645&ssl=1,https://zainabcollection.com/product/double-chiffon-butterfly-abaya-with-same-color-staller-0447/
19457,Butterfly,37.17,New Nida Butterfly Abaya Hand Made Machine Embroidery On Sleeves – 0443,Abayas,Women,https://i0.wp.com/zainabcollection.com/wp-content/uploads/2024/05/0443-Zainab-ABaya-2-634x845-1.webp?fit=430%2C573&ssl=1,https://zainabcollection.com/product/nida-butterfly-abaya-embroidery-on-sleeves-0443/
19347,Butterfly,37.17,New Nida Butterfly Abaya with Embroidery On Sleeves – 0429,Abayas,Women,https://i0.wp.com/zainabcollection.com/wp-content/uploads/2024/05/0429-Zainab-Abaya-1.jpg-1.webp?fit=430%2C573&ssl=1,https://zainabcollection.com/product/nida-butterfly-abaya-with-embroidery-on-sleeves/
19292,Butterfly,37.17,New Nida Butterfly Abaya with Embroidery On Back And Sleeves – 0418,Abayas,Women,https://i0.wp.com/zainabcollection.com/wp-content/uploads/2024/05/0418-ZAinab-Abaya-1.jpg.webp?fit=430%2C654&ssl=1,https://zainabcollection.com/product/nida-butterfly-abaya-with-embroidery-on-back-and-sleeves/
48950501474497,AlHreem,36.74,wave embroidery Nida Abaya | 0116-E-1108,Abayas,Women,https://hijabulhareem.com/cdn/shop/files/0116-E-1108_0000_050A3820_1080x.jpg?v=1761996758,https://hijabulhareem.com/collections/abaya-jilbab/products/wave-embroidery-nida-abaya-0116-e-1108
48950489940161,AlHreem,34.57,Nida Navy Blue Embroidered Abaya | 0116-E-1118,Abayas,Women,https://hijabulhareem.com/cdn/shop/files/0116-E-1118_0004_050A4034copy_1080x.jpg?v=1761996050,https://hijabulhareem.com/collections/abaya-jilbab/products/nida-navy-blue-embroidered-abaya-0116-e-1118
48950346842305,AlHreem,56.09,Luna Luxe Hand work Abaya | 0116-J-1116,Abayas,Women,https://hijabulhareem.com/cdn/shop/files/0116-J-1116_0002_050A4082_1080x.jpg?v=1761987672,https://hijabulhareem.com/collections/abaya-jilbab/products/luna-luxe-hand-work-abaya-0116-j-1106
48950335307969,AlHreem,32.61,Desert Glow Stone Work Nida Abaya | 0116-RC-1106,Abayas,Women,https://hijabulhareem.com/cdn/shop/files/0121-RC-1106_0005_050A4203_1080x.jpg?v=1761987028,https://hijabulhareem.com/collections/abaya-jilbab/products/desert-glow-stone-work-nida-abaya-0116-rc-1106
48950287204545,AlHreem,78.04,Royal Teal Hand Work Abaya | 0116-J-1101,Abayas,Women,https://hijabulhareem.com/cdn/shop/files/0116-J-1101_0006_050A3704_1080x.jpg?v=1761985611,https://hijabulhareem.com/collections/abaya-jilbab/products/royal-teal-hand-work-abaya-0116-j-1101
48950251520193,AlHreem,42.17,Graceful Leaf Embroidery Abaya | 0116-E-1111,Abayas,Women,https://hijabulhareem.com/cdn/shop/files/0116-E-1111_0006_050A4180_1080x.jpg?v=1761984464,https://hijabulhareem.com/collections/abaya-jilbab/products/graceful-leaf-embroidery-abaya-0116-e-1111
48950240608449,AlHreem,34.57,Cube Pattern Embroidery Abaya | 0116-E-1110,Abayas,Women,https://hijabulhareem.com/cdn/shop/files/0116-E-1110_0001_050A3967copy_1080x.jpg?v=1761983503,https://hijabulhareem.com/collections/abaya-jilbab/products/cube-patternembroidery-abaya-0116-e-1110
48950230974657,AlHreem,32.61,Elegant Stone Work Abaya | 0116-C-1105,Abayas,Women,https://hijabulhareem.com/cdn/shop/files/0116-C-1105_8_1080x.jpg?v=1761982406,https://hijabulhareem.com/collections/abaya-jilbab/products/elegant-stone-work-abaya-0116-c-1105
48747096834241,AlHreem,34.78,Elegant Drape Jilbab Abaya | JILBAB-C-1104,Abayas,Women,https://hijabulhareem.com/cdn/shop/files/JILBAB-C-1104_0004_050A4137_1080x.jpg?v=1759757615,https://hijabulhareem.com/collections/abaya-jilbab/products/jilbab-c-1104
48747000529089,AlHreem,41.3,Ethereal White – Nida Embroidery Abaya | 0116-E-1103,Abayas,Women,https://hijabulhareem.com/cdn/shop/files/0116-E-1103_0000_050A4195_1080x.jpg?v=1759755598,https://hijabulhareem.com/collections/abaya-jilbab/products/ethereal-white-nida-embroidery-abaya-0116-e-1103
48746885808321,AlHreem,45.65,Stylish Cuts Stone Work Abaya | 0116-RC-1113,Abayas,Women,https://hijabulhareem.com/cdn/shop/files/0116-RC-1113_0006_050A3866_1080x.jpg?v=1759754199,https://hijabulhareem.com/collections/abaya-jilbab/products/stylish-cuts-stone-work-abaya-0116-rc-1113
48746780917953,AlHreem,32.61,Front Open Floral Embroidery Abaya | 0116-E-1109,Abayas,Women,https://hijabulhareem.com/cdn/shop/files/0116-E-1109_0005_050A3914_cf601c9f-b02f-4843-8344-f0a5c631c1d8_1080x.jpg?v=1759752903,https://hijabulhareem.com/collections/abaya-jilbab/products/front-open-floral-embroidery-abaya-0116-e-1109
46804813414593,AlHreem,38.7,Stone work Front Open Black Nida Abaya - 0121-C-1024,Abayas,Women,https://hijabulhareem.com/cdn/shop/files/0121-C-1024_0002_050A9512_1080x.jpg?v=1743646081,https://hijabulhareem.com/collections/abaya-jilbab/products/stone-work-front-open-black-abaya-0121-c-1024
46804791689409,AlHreem,34.78,Machine Embroidery Front Close Black Abaya - 0120-E-756,Abayas,Women,https://hijabulhareem.com/cdn/shop/files/0120-K-756_0005_050A9651_1080x.jpg?v=1739030879,https://hijabulhareem.com/collections/abaya-jilbab/products/machine-embroidery-front-close-black-abaya-0120-e-756
46804748042433,AlHreem,43.26,Stone Work Front Open Black Abaya - 0116-RC-1020,Abayas,Women,https://hijabulhareem.com/cdn/shop/files/0116-RC-1020_0008_050A9351_1080x.jpg?v=1743646084,https://hijabulhareem.com/collections/abaya-jilbab/products/stone-work-front-open-black-abaya-0116-rc-1020
46804723073217,AlHreem,31.3,Plates Front Open Grey Abaya - 0116-R-722,Abayas,Women,https://hijabulhareem.com/cdn/shop/files/0116-R-722_0005_050A9522_1080x.jpg?v=1743646086,https://hijabulhareem.com/collections/abaya-jilbab/products/plates-front-open-grey-abaya-0116-r-722
46804580171969,AlHreem,41.09,Two Tone Navy Blue Gradient Abaya - 0121-R-1014,Abayas,Women,https://hijabulhareem.com/cdn/shop/files/11_0000_050A9458_1080x.jpg?v=1743646096,https://hijabulhareem.com/collections/abaya-jilbab/products/two-tone-navy-blue-gradient-abaya-0121-r-1014
46804438810817,AlHreem,28.7,Two Tone Blue Gradient Abaya - 0116-PR-1015,Abayas,Women,https://hijabulhareem.com/cdn/shop/files/Untitled-1_0004_050A9218_1080x.jpg?v=1743646099,https://hijabulhareem.com/collections/abaya-jilbab/products/two-tone-blue-gradient-abaya-0116-pr-1015
46804033405121,AlHreem,36.96,White Stripe Hooded Jilbab - JILBAB-R-1001,Abayas,Women,https://hijabulhareem.com/cdn/shop/files/JILBAB-R-1001_0006_050A9559_1080x.jpg?v=1743646101,https://hijabulhareem.com/collections/abaya-jilbab/products/white-stripe-hooded-jilbab-jilbab-r-1001
46619982495937,AlHreem,32.17,Purple Stone Work Nida Abaya - 0116-C-1022,Abayas,Women,https://hijabulhareem.com/cdn/shop/files/0116-C-1022_0003_050A9285_1080x.jpg?v=1743646103,https://hijabulhareem.com/collections/abaya-jilbab/products/puple-stone-work-nida-abaya-0116-c-1022
46619949760705,AlHreem,33.7,Grey Stone Work Jilbab - JILBAB-C-1021,Abayas,Women,https://hijabulhareem.com/cdn/shop/files/JILBAB-C-1021_0007_050A9254_1080x.jpg?v=1743646105,https://hijabulhareem.com/collections/abaya-jilbab/products/grey-stone-work-jilbab-jilbab-c-1021
46619880030401,AlHreem,32.39,Blue Nida White Stripe Abaya - 0116-R-1010,Abayas,Women,https://hijabulhareem.com/cdn/shop/files/0116-R-1010_0003_050A9242_1080x.jpg?v=1743646108,https://hijabulhareem.com/collections/abaya-jilbab/products/blue-nida-white-stripe-abaya-0116-r-1010
46619823636673,AlHreem,32.61,Stone Grey Thread Work Nida Abaya - 0116-R-1006,Abayas,Women,https://hijabulhareem.com/cdn/shop/files/0116-R-1006_0006_050A9386_f4c1d711-40c0-4162-921a-fbb2bbb16fef_1080x.jpg?v=1743646109,https://hijabulhareem.com/collections/abaya-jilbab/products/stone-grey-thread-work-abaya-0116-r-1006
46609593532609,AlHreem,38.91,Black Nida Plates Style Abaya - 0121-R-1008,Abayas,Women,https://hijabulhareem.com/cdn/shop/files/0121-R-1008_0006_050A9576_1080x.jpg?v=1743646115,https://hijabulhareem.com/collections/abaya-jilbab/products/black-nida-plates-style-abaya-0121-r-1008
45857614168257,AlHreem,23.7,Tea Pink Nida Plain Round Neck Front Close Abaya - 0120-P,Abayas,Women,https://hijabulhareem.com/cdn/shop/files/image00011_1080x.jpg?v=1743646159,https://hijabulhareem.com/collections/abaya-jilbab/products/tea-pink-nida-plain-round-neck-front-close-abaya-0120-p
45857580417217,AlHreem,21.52,Black Wool Peach Plain Round Neck Front Close Abaya - 0120-P,Abayas,Women,https://hijabulhareem.com/cdn/shop/files/image00016_1080x.jpg?v=1743646160,https://hijabulhareem.com/collections/abaya-jilbab/products/black-nida-plain-round-woolpeach-front-close-abaya-0120-p
45335277469889,AlHreem,45.0,Front Open Brown Zoom Embroidered Abaya  0118-K-752,Abayas,Women,https://hijabulhareem.com/cdn/shop/files/2_af29bca7-9cd8-44d6-8d2a-0ca40bfeb6ca_1080x.jpg?v=1743646176,https://hijabulhareem.com/collections/abaya-jilbab/products/front-open-brown-zoom-embroidered-abaya-0118-k-752
43852126585025,AlHreem,30.0,Nida Strip Style Abaya Majestic Midnight 0120-R-715,Abayas,Women,https://hijabulhareem.com/cdn/shop/files/0120-R-715_1080x.jpg?v=1743646294,https://hijabulhareem.com/collections/abaya-jilbab/products/nida-front-close-abaya-majestic-midnight-0120-r-715
43728365224129,AlHreem,36.52,Double Georgette Embroidered Abaya Black 0118-K-754,Abayas,Women,https://hijabulhareem.com/cdn/shop/files/0118-K-754_1080x.jpg?v=1743646299,https://hijabulhareem.com/collections/abaya-jilbab/products/double-georgette-embroidered-abaya-0118-k-754
43728513892545,AlHreem,50.0,Front Open Handwork Abaya Teal Cascade 0116-J-776,Abayas,Women,https://hijabulhareem.com/cdn/shop/files/0116-J-776_1080x.jpg?v=1743646301,https://hijabulhareem.com/collections/abaya-jilbab/products/front-open-handwork-abaya-0116-j-776
43728570613953,AlHreem,46.09,Nida Hand Work Abaya Pearl 0118-J-778,Abayas,Women,https://hijabulhareem.com/cdn/shop/files/0118-J-778_1080x.jpg?v=1743646305,https://hijabulhareem.com/collections/abaya-jilbab/products/nida-hand-work-abaya-pearl-0119-j-778
43728574644417,AlHreem,33.7,Stone Work Front Open Abaya Beige Petal 0116-C-740,Abayas,Women,https://hijabulhareem.com/cdn/shop/files/0116-C-740_1080x.jpg?v=1734157343,https://hijabulhareem.com/collections/abaya-jilbab/products/stone-work-front-open-abaya-beige-petal-0116-c-740
43728355885249,AlHreem,38.48,Chiffon Front Open Abaya Rouge 0122-RC-713,Abayas,Women,https://hijabulhareem.com/cdn/shop/files/0122-RC-713_1080x.jpg?v=1743646309,https://hijabulhareem.com/collections/abaya-jilbab/products/chiffon-front-open-abaya-rouge
42952410857665,AlHreem,34.57,Black Nida Fabric Jilbab with Stone Work jilbab - JILBAB-C-263,Abayas,Women,https://hijabulhareem.com/cdn/shop/files/3_f9d37996-afb3-4b83-adea-def8317dc2a2_1080x.jpg?v=1743646316,https://hijabulhareem.com/collections/abaya-jilbab/products/nooriya-black-nida-fabric-jilbab-with-stone-work-jilbab-1
42954320543937,AlHreem,24.57,Navy Blue Double Georgette Front Open Ribbon Abaya - 0116-R-248,Abayas,Women,https://hijabulhareem.com/cdn/shop/files/2_50d7cec2-bb41-46ef-a4e3-704fde8e20e9_1080x.jpg?v=1743646324,https://hijabulhareem.com/collections/abaya-jilbab/products/navy-blue-double-georgette-front-open-ribbon-0116-r-248
43085095305409,AlHreem,33.48,Black Nida Fabric Jilbab with Stone Work Jilbab - JILBAB-C-232,Abayas,Women,https://hijabulhareem.com/cdn/shop/files/1_654df1f3-a596-42fb-a678-cda9344241f2_1080x.jpg?v=1743646328,https://hijabulhareem.com/collections/abaya-jilbab/products/black-nida-fabric-jilbab-with-stone-work-jilbab
42954188226753,AlHreem,20.43,Gray Double Georgette Abaya Front Closed Abaya 0120-P-259,Abayas,Women,https://hijabulhareem.com/cdn/shop/files/3_89bcb2bd-87e3-434e-9406-dd19d755f5f2_1080x.jpg?v=1743646335,https://hijabulhareem.com/collections/abaya-jilbab/products/nooriya-gray-double-georgette-abaya-front-closed-abaya
31601636245697,AlHreem,21.52,Plain Simple Style Black Georgette Abaya 0121-P,Abayas,Women,https://hijabulhareem.com/cdn/shop/products/Abaya000010_0003_Layer1_1080x.jpg?v=1743646455,https://hijabulhareem.com/collections/abaya-jilbab/products/plain-simple-style-black-abaya-0121-p
31601632215233,AlHreem,30.43,Hijabulhareem Black Pull Over Abaya,Abayas,Women,https://hijabulhareem.com/cdn/shop/products/Abaya000009_0000_Layer3copy_1080x.jpg?v=1743646457,https://hijabulhareem.com/collections/abaya-jilbab/products/hijabulhareem-black-pull-over-abaya
47354598424769,AlHreem,27.39,Plain Contrast Color Nida Abaya without Dupatta 0116-PR Arabis,Abayas,Women,https://hijabulhareem.com/cdn/shop/files/1_191e54e1-dbac-49e7-9bcd-7b44f56346d9_1080x.jpg?v=1744879760,https://hijabulhareem.com/collections/abaya-jilbab/products/plain-contrast-color-nida-abaya-0116-p-arabis
45671505887425,AlHreem,34.57,Hijabulhareem Denim Coat Designer Abaya 0119-R-986,Abayas,Women,https://hijabulhareem.com/cdn/shop/files/13_1080x.jpg?v=1743646559,https://hijabulhareem.com/collections/abaya-jilbab/products/hijabulhareem-denim-coat-designer-abaya-0119-r-986
31184733044929,AlHreem,22.61,Elegant Black Abaya with Pipin Work 0116-R Huh,Abayas,Women,https://hijabulhareem.com/cdn/shop/products/0116-R-1_1080x.jpg?v=1743646585,https://hijabulhareem.com/collections/abaya-jilbab/products/elegant-black-abaya-with-pipin-work-0116-r-huh
47354491109569,AlHreem,23.7,Designed Blue Pull Over Georgette Abaya 0120-P,Abayas,Women,https://hijabulhareem.com/cdn/shop/files/1_24611bf0-a848-437d-a556-9ec28372e0f9_1080x.jpg?v=1744879238,https://hijabulhareem.com/collections/abaya-jilbab/products/designered-pull-over-abaya-0120-p-1
31177125363905,AlHreem,22.61,Colored Pipin Work Stylish Abaya 0116-R Huh,Abayas,Women,https://hijabulhareem.com/cdn/shop/products/0116-R-1-1_1080x.jpg?v=1743646588,https://hijabulhareem.com/collections/abaya-jilbab/products/colored-pipin-work-stylish-abaya-0116-r-huh
47354357743809,AlHreem,19.57,Circular Collar Black Stylish Abaya 0117-P,Abayas,Women,https://hijabulhareem.com/cdn/shop/files/1_b298f11e-3252-4b17-b5e5-fa822ab58544_1080x.jpg?v=1744878697,https://hijabulhareem.com/collections/abaya-jilbab/products/circular-collar-black-stylish-abaya-0117-p
45856345489601,AlHreem,36.74,Black Chiffon Front Close Jilbab-C,Abayas,Women,https://hijabulhareem.com/cdn/shop/files/25_1080x.jpg?v=1743646597,https://hijabulhareem.com/collections/abaya-jilbab/products/black-chiffon-front-close-jilbab
31097451937985,AlHreem,26.09,Black Polyester Embroidered Abaya 0116-M (2),Abayas,Women,https://hijabulhareem.com/cdn/shop/products/0121-K-A480_87335e85-fde3-4aaf-a57e-6a7f87c465c9_1080x.jpg?v=1743646598,https://hijabulhareem.com/collections/abaya-jilbab/products/black-polyester-embroidered-abaya-0116-m-2
45864421392577,AlHreem,65.21,Black Chiffon Abaya Jilbab-798,Abayas,Women,https://hijabulhareem.com/cdn/shop/files/JILBAB-798_1080x.jpg?v=1743646599,https://hijabulhareem.com/collections/abaya-jilbab/products/black-chiffon-abaya-jilbab-b-798
